-- phpMyAdmin SQL Dump
-- version 5.0.1
-- https://www.phpmyadmin.net/
--
-- Host: mysql-server
-- Generation Time: Mar 13, 2022 at 10:27 PM
-- Server version: 8.0.19
-- PHP Version: 7.4.1

SET SQL_MODE = "NO_AUTO_VALUE_ON_ZERO";
SET AUTOCOMMIT = 0;
START TRANSACTION;
SET time_zone = "+00:00";


/*!40101 SET @OLD_CHARACTER_SET_CLIENT=@@CHARACTER_SET_CLIENT */;
/*!40101 SET @OLD_CHARACTER_SET_RESULTS=@@CHARACTER_SET_RESULTS */;
/*!40101 SET @OLD_COLLATION_CONNECTION=@@COLLATION_CONNECTION */;
/*!40101 SET NAMES utf8mb4 */;

--
-- Database: `app1`
--

-- --------------------------------------------------------

--
-- Table structure for table `Acounts`
--

CREATE TABLE `Acounts` (
  `Ledgurename` text NOT NULL,
  `Ledgurepassword` text NOT NULL,
  `email` text NOT NULL,
  `time` text NOT NULL
) ENGINE=MyISAM DEFAULT CHARSET=utf8mb4 COLLATE=utf8mb4_0900_ai_ci;

--
-- Dumping data for table `Acounts`
--

INSERT INTO `Acounts` (`Ledgurename`, `Ledgurepassword`, `email`, `time`) VALUES
('u2_led', 'p1', 'alex.haussmann@gmail.com', '2022-03-13 17:50:42'),
('u2_led2', 'p1', 'led2', '2022-03-13 18:55:21');

-- --------------------------------------------------------

--
-- Table structure for table `crypto3`
--

CREATE TABLE `crypto3` (
  `id_section` text NOT NULL,
  `item_name` text NOT NULL,
  `url` text NOT NULL,
  `added` timestamp NOT NULL,
  `cached` timestamp NOT NULL,
  `used` text NOT NULL
) ENGINE=InnoDB DEFAULT CHARSET=utf8mb4 COLLATE=utf8mb4_0900_ai_ci;

--
-- Dumping data for table `crypto3`
--

INSERT INTO `crypto3` (`id_section`, `item_name`, `url`, `added`, `cached`, `used`) VALUES
('FLEKCOEEKOPCENDGIAPNJONCCODADOLIGBNJOBJEBALMNMKLGBAMKELNGNAHIKHAHHKHDNDGPOAJPHFBJOOKOLENALFGMIOBLNDB', 'http://localhost:8000/doit?u2_led2', '{\n    \"key\": \"af7488eaa93cbb449917c1cfb757dc88facfc720d2e0b1f5bc128a049b818956\",\n    \"name\": \"af7488eaa93cbb449917c1cfb757dc88facfc720d2e0b1f5bc128a049b818956\",\n    \"entery_name\": \"u2_led2\",\n    \"path\": \"http://localhost:8000/doit?\"\n}', '2022-03-13 19:29:10', '2022-03-13 19:29:10', 'used'),
('LIHKGCPIJFAKPNEKAFGMLHPAHMAKHPKICDHLKBGALEGHMPGNHEAKNBEPNAHMPMMOCMDLIPHHNEANNFEGOACIKLIFADBFEBHCNAAF', 'http://localhost:8000/doit?u2_led', '{\n    \"key\": \"de749fcc84ac87ca67325385fe239181f5e0bce03e7be0d6274c9f3c98e25b42\",\n    \"name\": \"de749fcc84ac87ca67325385fe239181f5e0bce03e7be0d6274c9f3c98e25b42\",\n    \"entery_name\": \"u2_led\",\n    \"path\": \"http://localhost:8000/doit?\"\n}', '2022-03-13 22:22:33', '2022-03-13 22:22:33', 'NOT'),
('OPFPNGIHBCBKKNMFAEEOMOBFHCMBBKALAEALPOAONOMEOACCCHINBPMDFDBBDNMPGBOGMMMEAMAIBAKMCECAGEGFIBMBGKGKIMGJ', 'http://localhost:8000/doit?u2_led', '{\n    \"key\": \"729448e69deb3236fb3bb6303c57b72f0e01b23dbe25eb3ce414c07de2e89d6c\",\n    \"name\": \"729448e69deb3236fb3bb6303c57b72f0e01b23dbe25eb3ce414c07de2e89d6c\",\n    \"entery_name\": \"u2_led\",\n    \"path\": \"http://localhost:8000/doit?\"\n}', '2022-03-13 22:22:47', '2022-03-13 22:22:47', 'used');

-- --------------------------------------------------------

--
-- Table structure for table `c_key`
--

CREATE TABLE `c_key` (
  `time` timestamp NOT NULL,
  `entery_name` text NOT NULL,
  `ledgername` text NOT NULL,
  `hash` text NOT NULL,
  `key_message` text NOT NULL,
  `forward` text NOT NULL,
  `solution` text NOT NULL,
  `email` text NOT NULL
) ENGINE=MyISAM DEFAULT CHARSET=utf8mb4 COLLATE=utf8mb4_0900_ai_ci;

--
-- Dumping data for table `c_key`
--

INSERT INTO `c_key` (`time`, `entery_name`, `ledgername`, `hash`, `key_message`, `forward`, `solution`, `email`) VALUES
('2022-03-13 17:51:49', '2d65c2daf0bde5ae9548550aaa8d1737ee8ab92a92b00b283efdfc7f1db936cb', 'u2_led', '89f49883d18018000ca394ab8abcd611263358f2c1d7cb8ee985d52c45eeadf6', 'forward', 'forward', '226edd2aabba900fcf38e4876de41aef2373deca7be6412c7ea66ee08ea3fc76', 'alex.haussmann@gmail.com'),
('2022-03-13 18:35:47', '1101a088d823548b4279a16c032c4a60ddd79e8383a06585135981e9d1628254', 'u2_led', 'ead45855e0ec67def73b2b1f9eb750d25ef945a35e3ba4417ab3bd19e03ad8b8', '', '', 'a7c222f1c206428eb90fb1a854d450665f05c64ac9eaf0e88ab4938e65254fd2', 'nond'),
('2022-03-13 18:38:49', 'b330ed4115c98b8e610fea36184ccfbb43d684bcf9e1df6ceae9afbbc9b2ae3f', 'u2_led', 'bbad63b9a2b7dfb69f8be0b5f788b48839851d3407fd494269db8840ad5ca940', 'for', 'for', 'key', 'email'),
('2022-03-13 18:43:28', 'dda461408792110441676f16e79b88808051c516f165d7a19c3db84e34981051', 'u2_led', '0d7432def993ea760f98daf1c6726ed2e2e771ed3b1e8beb8ac204e1dfac205b', 'for', 'for', '61659f41f43d861b9c3467d9852c44bde4d4a1bd8b24756797f0d6b4e10d816e', 'alex'),
('2022-03-13 18:44:05', '67cec936fe572ff9f6bcec0029306941eaf24806317eb477913b307ca89fd06a', 'u2_led', '2107578e27a76962e94761c77e7e608581c2af2229d9afaff9e14b6e985d939b', 'for', 'for', 'key', 'alex'),
('2022-03-13 18:44:46', 'fb8353c2da62698b889c2b4ce9d36ef8e9aaa34acf2b0a7379c177b322d0b46f', 'u2_led', '32e8a59263611d496981ebc75d51bc55a227552ce65401dab310a1412b8758c6', 'mymessage', 'mymessage', 'e94675186f589a285dae96ddd1b6b39dfa73137422f30f24592d00b822ab1df5', 'alex'),
('2022-03-13 18:46:40', '2c4ad76396bf718109855e066d1768fc667a0cbc49aa9415e6b8aed7f76390e6', 'u2_led', '1da6d56882cd12c5128d4215669226e6ae77640f6077c06c18b3b8ad0490a15f', 'mymessage', 'mymessage', 'a5b2e83275ecc0f4b7d2c60b9e725ea7396b588895f644f338f17b8b59a1f45d', 'alex'),
('2022-03-13 18:52:11', '676f5b376b3b43c590be9fc2496e9d5abe09c2b541699486015f3827d1eba6be', 'u2_led', '550539456f3ee4540ff8dfef56e410bf4735678469a74037a69dc9d557543ed7', 'mymessage', 'mymessage', 'key', 'alex'),
('2022-03-13 18:54:10', 'b6363eaee394981c988efdf8851197199263ce86d75128c3852687b144e5824b', 'u2_led', 'e11f45242053fe1faa1b7c78a710de89388a14e11dfab2e1c9c9eb8bb050d7cc', 'keyfor', 'keyfor', 'key', 'emal'),
('2022-03-13 18:54:24', '48c7937f82e852911b04c10a941bb501286ecffecf9274fc124273f085277b89', 'u2_led', '3b86641da49fead07fd88f5f0712d1b3a478b574b8357dd0abf1d3421ca109e4', 'keyfor', 'keyfor', 'key', 'emal'),
('2022-03-13 18:54:36', '9b860acf6c98164e851e79498bd333f3f42806050c4abf91ca3fd076ec3f897d', 'u2_led', '8299884e1d74fc05b402bd6833abd3b5575373c9e934d49928a03af70d4e7cc1', 'keyfor', 'keyfor', 'key', 'emal'),
('2022-03-13 18:54:47', '3576181ec28f4e119aaff3a3fecb2de983c50e104b90ed8ebb71353c51641317', 'u2_led', 'c19cd1d10e17115e0135f0c563cc3ad1fcb94d2f07b8193a8dfacdeaaba19709', 'keyfor', 'keyfor', 'key', 'emal'),
('2022-03-13 18:55:42', 'f3cbec38b636259bfb6b9e4f81c1008c797de41d3bfd0628ad3a1c53fbcacc29', 'u2_led2', '038edb482f9c4571399060d7a0ea1f73397ef1616548a685300836720b8f131e', 'forward', 'forward', 'key', 'al'),
('2022-03-13 18:55:51', 'b9461dcb613275b4119030594733d9a7feec1b53ebc1d075c1578a7fa2af5681', 'u2_led2', '08346d85014d961eb525425878fe88a840aa0ebb21a7e7d19f80a7b41312283d', 'forward', 'forward', 'key', 'al'),
('2022-03-13 18:56:03', '560c3c2202bc4b0ad47901c6520fa05c1bcbafaf07d6226917161b62baefb621', 'u2_led2', 'b27cf28f2bc1d3ef1fa8b09f5730e22638dfb7ac3762ee135fb963ac0f52831a', 'forward', 'forward', 'key', 'al'),
('2022-03-13 19:30:50', 'd67a57e356d33c209816fe7e2b1e0218aecb43f407bc68a723979e251d2f8d30', 'u2_led', '66821dd405e97ae1a90114223765797842ac6cb8aa82152857cd86f563ec12ee', 'forme', 'forme', 'aeb5109ab2e460ddb91f1c793224dbbd1a8a93d3e9e2fc06b62419362578563b', 'alex.haussmann@gmail.com'),
('2022-03-13 19:55:33', '8a50cf94ed19e2b5da364a0051ae5195c99d84b02290f2df24d309a8d3596c80', 'u2_led', 'b95c5a1c31fe6405a795d0d7ef3e02d7ec81c4589522e50413375b1d97345b68', 'forme', 'forme', '99d3aaaa1fce487137f053db12092332838bf635114299810a0f365a235e84a8', 'alex.haussmann@gmail.com'),
('2022-03-13 20:55:43', 'fd4e01056cb1797b9d07d929b6a93211ac187695df244dca1a7d37f33b94ca0e', 'u2_led', '8ce3d99f5fcc536cd716b664d1c0528d59dd1bcf83728f668d8c9b7934c30f23', 'forme', 'forme', 'bdf84afcb468762234753529eca1297df27ab36a2e32b1d224745181c7359456', 'alex.haussmann@gmail.com'),
('2022-03-13 20:58:25', 'c6ea395b6e5b6ce388a533b114bd42763c21d8372b159c1ef757c3583feb649d', 'u2_led', 'b370656d68d5d64ff7a5424adc136a186b2587b5f9aa1e0dbe328cf49535070e', 'forme', 'forme', '35b191c903aa88e41cb4823d80f3423dd7e6ec5ba36f9b5ee3af4df1f272d4a4', 'alex.haussmann@gmail.com'),
('2022-03-13 21:46:39', '97a3730fb6cf995b04f1e5f9fd17578c0e6bc0d8d663ac4d74a93f269349a34e', 'u2_led', '0230cad8082ef48b0b0b79fdbdf8d4115fc43b982d91f46c66091b05d4287e72', 'forme', 'forme', '3778adced5d6d26f9f7d06ab6f2db7e97921355f78c0c06ee58c11be70aecf30', 'alex.haussmann@gmail.com'),
('2022-03-13 21:53:05', 'b4f15f8b5f275b1346666af56fd02802ebe0076d7fc950dad63ac61ab77192b3', 'u2_led', 'f739368da81cf6a22f689f20854a95ad6f22033b1b1541b78f9f26f79fa5ae5f', 'forme', 'forme', 'key', 'alex.haussmann@gmail.com'),
('2022-03-13 21:53:27', '219d2503846e243fe823e2fa91d0186bc458f1b27c1cb06e8c7b2441c17d6835', 'u2_led', '1e6a4f5516f4ba94b5275a2ba8b521cb0c5747b5554196fe4fdc9e8177910faf', 'forme', 'forme', 'key', 'alex.haussmann@gmail.com'),
('2022-03-13 21:55:34', '3466267bbed88257fc1ad7179e212f5f30154b5e2a4c2c74d005badcc5b936cf', 'u2_led', '186dc1ea5cac6ff20c135863ae4701bcb2677480f1c3078b762b75415102c6f3', 'forme', 'forme', 'key', 'alex.haussmann@gmail.com'),
('2022-03-13 22:20:37', '6ce0ebb752fb0c60f48c7b1c54141cc903cbdabd722071beab331b6cd5985c6d', 'u2_led', '510297271d87d14b66293e50f9675af48faab68be4c8b60838fd5ac7152aff22', 'forme', 'forme', 'key', 'alex.haussmann@gmail.com'),
('2022-03-13 22:20:50', '2a2fdc87370b3f3dadd43dca7eb5959bd478680b3f9d5a904efd01974ceb6754', 'u2_led', 'f31b9a9cd98f216384ec6e80dcd454fb09651f9680809e01ddaf5460e60b45bd', 'forme', 'forme', 'key', 'alex.haussmann@gmail.com');

-- --------------------------------------------------------

--
-- Table structure for table `items`
--

CREATE TABLE `items` (
  `itemname` text NOT NULL,
  `url` text NOT NULL,
  `path` text NOT NULL
) ENGINE=InnoDB DEFAULT CHARSET=utf8mb4 COLLATE=utf8mb4_0900_ai_ci;

--
-- Dumping data for table `items`
--

INSERT INTO `items` (`itemname`, `url`, `path`) VALUES
('myitem', 'http://localhost:8000/doit?ledgure=user23_led&action_type=add_key&password=pass&email=alex.haussmann@gmail.com&message=message&keymessage=keymessage&keyfroward=keyforward', '10');

-- --------------------------------------------------------

--
-- Table structure for table `money`
--

CREATE TABLE `money` (
  `user` text NOT NULL,
  `user_money` text NOT NULL,
  `mony_type` text NOT NULL,
  `amount_of_money` float NOT NULL
) ENGINE=InnoDB DEFAULT CHARSET=utf8mb4 COLLATE=utf8mb4_0900_ai_ci;

--
-- Dumping data for table `money`
--

INSERT INTO `money` (`user`, `user_money`, `mony_type`, `amount_of_money`) VALUES
('T1', 'T1_http://localhost:8000/doit?u2_led', 'http://localhost:8000/doit?u2_led', 1),
('T1', 'T1_money1', 'money1', 999),
('T1', 'T1_money2', 'money2', 1002),
('T2', 'T2_http://localhost:8000/doit?u2_led', 'http://localhost:8000/doit?u2_led', 0),
('T2', 'T2_money1', 'money1', 1000),
('T2', 'T2_money2', 'money2', 998),
('u2', 'u2_http://localhost:8000/doit?u2_led2', 'http://localhost:8000/doit?u2_led2', 0),
('u2', 'u2_money1', 'money1', 1001),
('u2', 'u2_money2', 'money2', 999);

-- --------------------------------------------------------

--
-- Table structure for table `posts`
--

CREATE TABLE `posts` (
  `uname` text NOT NULL,
  `text` text NOT NULL,
  `body` text NOT NULL,
  `tital` text NOT NULL,
  `time` timestamp NOT NULL,
  `photo` text NOT NULL,
  `iframe` text NOT NULL,
  `catagoy` text NOT NULL,
  `catagoy_2` text NOT NULL,
  `postkey` text NOT NULL
) ENGINE=MyISAM DEFAULT CHARSET=utf8mb4 COLLATE=utf8mb4_0900_ai_ci;

--
-- Dumping data for table `posts`
--

INSERT INTO `posts` (`uname`, `text`, `body`, `tital`, `time`, `photo`, `iframe`, `catagoy`, `catagoy_2`, `postkey`) VALUES
('', '', '', '', '2022-03-13 22:21:16', '', '', 'change_post', '', '9e7fd9f5fb6c9094277b3ed38fbb09cdb47ec388d34cb397f6f211b27ae50d9f'),
('', '', '', '', '2022-03-13 22:21:14', '', '', 'add_post', '', '43776647d21cc68d11cb774f34334fd158f7ca804ff68de3c04c0f8b6647670c'),
('', '', '', '', '2022-03-13 22:21:14', '', '', 'add_post', '', 'fd7abe0283b63741182f41b7bc65da8aebfbc8ff33e187e25409e5d2efef4d7a'),
('', '', '', '', '2022-03-13 22:21:13', '', '', 'change_post', '', 'e06aa0a4f3460bd39a10230d850c82b13bbc3ad70e02f10400f81fd8314c94f6'),
('', '', '', '', '2022-03-13 22:21:13', '', '', 'change_post', '', 'c21fe96c89550774a510cce3ca94aab8e70db31a232dfa9c362d2ef9992db8b5'),
('', '', '', '', '2022-03-13 22:21:13', '', '', 'Get', '', 'e07e6c8b38f94da9585bef2fa68580844aa5bcbc3d09cfa90d7adddbffcd2037'),
('', '', '', '', '2022-03-13 22:21:13', '', '', 'Get', '', 'f826558455d999a80f92811e0248903524ac5dd6aa937f41079514ea76dd67ad'),
('', '', '', '', '2022-03-13 22:21:12', '', '', 'Ledger', '', 'c520038bb0cb577711cecc38643e05e40b30c7d975ce6fbd3f5bb52c7bca6da4'),
('', '', '', '', '2022-03-13 22:21:12', '', '', 'Ledger', '', '810b91d713e3fea0ea1471cfc2b2411ca0f109d0e19eaec9def28df8c89309a7'),
('', '', '', '', '2022-03-13 22:21:16', '', '', 'change_post', '', '4d0b302f6ab1a161b94fecd82f4dd9acbc1a5b64d87279ad32fe7e4985b4c95b'),
('', '', '', '', '2022-03-13 22:21:16', '', '', 'Get', '', '93d953214465ad3198414ac7a854e0458722bce66fd766fddad66b9458a53639'),
('', '', '', '', '2022-03-13 22:21:16', '', '', 'Get', '', '6853bc11749a8c70c8cce28fd33a8fe29fc8fabb32654acdcf79939de789e902'),
('', '', '', '', '2022-03-13 22:21:17', '', '', 'Ledger', '', '4ee1e0a1684c503bd294c773424bc85891c8258e36a30fe34c18f0dfdc835c9a'),
('', '', '', '', '2022-03-13 22:21:17', '', '', 'Ledger', '', 'b4430c79a8903496d5230ebe3e9ea75bc4a3c700a30585895c98e1bfa2c80838'),
('', '', '', '', '2022-03-13 22:21:17', '', '', 'key', '', 'd8615f8e4108149a60be199d98e1957d9c9c47118e7ac287bef0610a8b7ac178'),
('', '', '', '', '2022-03-13 22:21:17', '', '', 'key', '', '3054f2aec0fa7e6f4d793e54084be0b64b8b1d8654da73940c5755ded0b17141'),
('', '', '', '', '2022-03-13 22:21:18', '', '', 'change_key', '', '934728823d88a3a3941b8f1ad7389d219f3a1e42fe1f34500f2d77fb2e5277b5'),
('', '', '', '', '2022-03-13 22:21:18', '', '', 'change_key', '', 'd3679a7ec9b3076bee2b0a8c4373bd4c38ad23cca67c6b40332811d00a0829ad'),
('', '', '', '', '2022-03-13 22:21:20', '', '', 'check_key', '', '95774956f8b441e5dd0f77fc18717ba4856f53e3c509f863821c7e2a8e95f9dc'),
('', '', '', '', '2022-03-13 22:21:20', '', '', 'check_key', '', '604536da4f7f6321835c7925f9da4bc643fe855e5334d3c60f74c7081bb21754'),
('', '', '', '', '2022-03-13 22:21:22', '', '', 'Make_Traid', '', '5ecdb0f314f0e73c125e3ccb4a46d38498f1ddc096ade5250d396cb0fe4264ac'),
('', '', '', '', '2022-03-13 22:21:22', '', '', 'Make_Traid', '', '21640de272831ec2daddecfe3c5ce003752452127f412367e2521b43d1fe4c76'),
('', '', '', '', '2022-03-13 22:21:23', '', '', 'check_key', '', '3b928bdf6841bc53b5e0da3a9bb06effd5d5f15abfe9dbd3b01270f6065e81f4'),
('', '', '', '', '2022-03-13 22:21:23', '', '', 'check_key', '', '19aa70e944658018875ab7b6aea0490b207d61b63022585ab5dd42e814e685e5'),
('', '', '', '', '2022-03-13 22:21:23', '', '', 'change_key', '', '0af589193d007a4031151945525a3c46547c44d32acfd05954a5468451a69f5b'),
('', '', '', '', '2022-03-13 22:21:23', '', '', 'change_key', '', '2474942b8b40af5b625fdb7e71600c264234ce4a8043f86a8d9e1d578af6af51'),
('', '', '', '', '2022-03-13 22:21:23', '', '', 'check_key', '', '807715a8e3ca48d2ad8a6fc11a14fc1bbc6f3de49702d26a09fdc6cd8d9bde33'),
('', '', '', '', '2022-03-13 22:21:23', '', '', 'check_key', '', '6bce85468c82dbe2bb2cc560358b1b50790a8fccbf789770fa54c344505ada27'),
('', '', '', '', '2022-03-13 22:21:24', '', '', 'Make_Traid', '', '0148da1bf8b5c93806dafdb8e1b22bd78aa7db515c7f0a3f56e711c3e246a89e'),
('', '', '', '', '2022-03-13 22:21:24', '', '', 'Make_Traid', '', 'ca9e59298932e3c038ba29e8b50c90c348510fb4dd14abe001f0bd2a56f18292'),
('', '', '', '', '2022-03-13 22:21:24', '', '', 'print_traid', '', '8719011a81c24333e9d8ea53203ddaa3f0adaa08cdd3d10d3c7765dfab9dd15d'),
('', '', '', '', '2022-03-13 22:21:25', '', '', 'print_traid', '', 'd4bec01d786feb4ca4ca61d7dbf8f2724073e4098981dc267aaa801c8eb30067'),
('', '', '', '', '2022-03-13 22:21:25', '', '', 'Make_Traid', '', '0c1a7fe85faf519b0d74a5ce891588420334d46c081bed241d8302adf6b49cea'),
('', '', '', '', '2022-03-13 22:21:25', '', '', 'Make_Traid', '', 'a4d37f05a15b8bfba060f35423813da4fa31599dc036cacde88040109b6cc9c1'),
('', '', '', '', '2022-03-13 22:21:26', '', '', 'check_key', '', '3fd3f67063a4a9e9e2ebfe41286d0adeff4841e0ed4ac472b68c993589f4fa24'),
('', '', '', '', '2022-03-13 22:21:26', '', '', 'check_key', '', '8848705e96c07add647902de4ac7fd5ede7faabfe51bd5c11030fd7ba1311c60'),
('', '', '', '', '2022-03-13 22:21:26', '', '', 'change_key', '', 'f6f9b306216774158b57260ed901f892c06a28857599c032ca5520b85ac73684'),
('', '', '', '', '2022-03-13 22:21:26', '', '', 'change_key', '', '9840effe714c844001fbb90550f702be48fe6622914fd52d68d8a46c0c145409'),
('', '', '', '', '2022-03-13 22:21:27', '', '', 'key', '', '5037e4c5edbfdb352ffd4f44c2cec7cc8ce83398e4a19750e7c76f9cc236a5d7'),
('', '', '', '', '2022-03-13 22:21:27', '', '', 'key', '', '6b070f2fb318fadfa58c605ee7c5871e3a974198ff2531c80d8829bc439de1ad'),
('', '', '', '', '2022-03-13 22:21:34', '', '', 'change_key', '', '7667cc744d0466067cfe36c1cfadc35a8ac72fbbfdb7f479a931bc2b19430369'),
('', '', '', '', '2022-03-13 22:21:34', '', '', 'change_key', '', 'ec8d0b2b574065458807362ee52b57dd57950bfba8afa7bf085664d3577b9243'),
('', '', '', '', '2022-03-13 22:21:35', '', '', 'check_key', '', '6a5473c19991dc78829dff34d58c48a724911e3f27c8860763c4a5516846aec5'),
('', '', '', '', '2022-03-13 22:21:35', '', '', 'check_key', '', 'c02b4703847417c826770b8e93f66afbac7e96afecf03fbee10b61369064d312'),
('', '', '', '', '2022-03-13 22:21:36', '', '', 'Make_Traid', '', 'cef8d75088990148d46c90ae03845eab15547bddec14f24ad358c3e0b092fa75'),
('', '', '', '', '2022-03-13 22:21:36', '', '', 'Make_Traid', '', '87f6197bc712212c9150bf4c0bc35db595bbd48eabbd76b0e27f1988e5fc5833'),
('', '', '', '', '2022-03-13 22:21:41', '', '', 'print_traid', '', 'f1600a34e18834bcc14806c47638942aaa147d9e5d37fcf4be540a62713c0aef'),
('', '', '', '', '2022-03-13 22:21:41', '', '', 'print_traid', '', '9ea3cc007cdb432143551dec6bf2c40d0ea670696e9ec92306c441b32ea8954d'),
('', '', '', '', '2022-03-13 22:21:42', '', '', 'Make_Traid', '', 'e052d1697b799a9f4a73d56d99b4d1039c90bbddbc084b6c9d9c9e52ba7f93ac'),
('', '', '', '', '2022-03-13 22:21:42', '', '', 'Make_Traid', '', '623ee55dda263c91bd8e8a69295df7db225bb7e802ae29db02cdcb5bd36fc472'),
('', '', '', '', '2022-03-13 22:21:42', '', '', 'check_key', '', 'ba5745d4b9cf4f46a14206db51839060ceff082e83b3efc4cf9112ace400636e'),
('', '', '', '', '2022-03-13 22:21:43', '', '', 'check_key', '', 'e2c074b23b6717efa0616ef64311f6058a7fd609c3a6395aac0f511f4e7080dc'),
('', '', '', '', '2022-03-13 22:21:45', '', '', 'Make_Traid', '', '7a4482b6bd6f562d42c0d45e47b2eaeea525c6309fd95f7bfc637389139effb6'),
('', '', '', '', '2022-03-13 22:21:45', '', '', 'Make_Traid', '', '8ac0f303640d764c58285d6773592d65eaec01f37069ce31e7e5af14c93c0501'),
('', '', '', '', '2022-03-13 22:21:46', '', '', 'print_traid', '', '3c53c68da40e1c7204ad29ed8c976d5968a3cc73de727784e37f9c9f7593c74d'),
('', '', '', '', '2022-03-13 22:21:46', '', '', 'print_traid', '', 'ffb1f1f4fa8a4d052358badb186f693cde480e2e2d7b17af7420c3bfd9b69974'),
('', '', '', '', '2022-03-13 22:21:47', '', '', 'C_triad', '', 'c3bace1083cbf99ef13c8a88de4787792cc59cd35be7d22c462843d0fe32ee99'),
('', '', '', '', '2022-03-13 22:21:47', '', '', 'C_triad', '', 'ca91cc4567920c69e796f5fb998d3116852fdce6fbbc05a12f47b043796b2988'),
('', '', '', '', '2022-03-13 22:21:48', '', '', 'Uprint', '', '20b1d1a0392086a1e9c82b264aca10ad22cbc46d21ba46b1bfed2aa21de016cb'),
('', '', '', '', '2022-03-13 22:21:48', '', '', 'Uprint', '', 'e56ac837d99c0a3abb210be770815a53a9e9c262e839e7c07a5e0e80635a27a1'),
('', '', '', '', '2022-03-13 22:21:49', '', '', 'ADD_C', '', '081b2e048f3d931e1ba40b701d14d093a22711fa2a848c9996b0efcf0c567721'),
('', '', '', '', '2022-03-13 22:21:49', '', '', 'ADD_C', '', '08d8704182839f0af999494eaa958854d0ecfd1c5ee765d93b31346cfa98a472'),
('', '', '', '', '2022-03-13 22:22:51', '', '', 'Uprint', '', '0b480d683c99ffbaf8aa5807b511742950a2a218be3f46bd0c13830685137220'),
('', '', '', '', '2022-03-13 22:22:51', '', '', 'Uprint', '', '222aa58ef206af83d9430c20f44366b22f2219e32d81e95c3167574fb2d07752'),
('', '', '', '', '2022-03-13 22:22:51', '', '', 'C_triad', '', '175e9fe21e8d24fe2a4512b1c7b7bd2cb90d5f45c4fce713b384ce9cd709dd38'),
('', '', '', '', '2022-03-13 22:22:52', '', '', 'C_triad', '', 'ed5e44a8cf79174baa502148ef90bfd3e0bbf3d2b7b8b80360397d42373ed1c3'),
('', '', '', '', '2022-03-13 22:22:53', '', '', 'print_traid', '', '667139806b4502623f5d9e69da24d41c9f7f6ad60ff544a30b3fbcfba132c7c9'),
('', '', '', '', '2022-03-13 22:22:53', '', '', 'print_traid', '', 'a7cfc2dac5f02842008462fd374b3afe86862c50769557278ef8f283062b7c9c'),
('', '', '', '', '2022-03-13 22:22:53', '', '', 'Make_Traid', '', 'ecfe318b873ba62ffb6a6725f90f28859c445cbc4d2a42dde9eb8af03f225969'),
('', '', '', '', '2022-03-13 22:22:53', '', '', 'Make_Traid', '', 'a2bdf7add8333db5a98e74f76487a4e580454156358dd2dfce504006b0207464'),
('', '', '', '', '2022-03-13 22:23:11', '', '', 'print_traid', '', 'ba10fccb547baf2b56734a60ec7e44f800bf510cd15a552d7ab8d0f8ceed054f'),
('', '', '', '', '2022-03-13 22:23:11', '', '', 'print_traid', '', 'c7537acda65b9bdc5ecd228aa9417144652cc2554516caf1a284645e9972dbd7'),
('', '', '', '', '2022-03-13 22:23:12', '', '', 'C_triad', '', '41fa275be8601b0621ab5aa07d673d143c7f12061dd50d433e9c5bc442f22a91'),
('', '', '', '', '2022-03-13 22:23:12', '', '', 'C_triad', '', 'c3940d749e586e71155d879646c4265850f5eb44d33b4c45eae46ac91a2b4229'),
('', '', '', '', '2022-03-13 22:23:13', '', '', 'Uprint', '', '21b5e55042756e2544e90db7797ef3121cb3521b917b747cf2ba55dea9200fbf'),
('', '', '', '', '2022-03-13 22:23:13', '', '', 'Uprint', '', '747d8e00902ced3bed9370a2d7c73a3e90e45b69f609f8bf130c2627b54f9705'),
('', '', '', '', '2022-03-13 22:23:30', '', '', 'C_triad', '', 'fb9808ab8a71cb672df2a4fe837bba80b242dbbd3880f0727d9f3c6381b0da30'),
('', '', '', '', '2022-03-13 22:23:30', '', '', 'C_triad', '', '8078f6a1c502ab4a7a7e69148bcf4f99bd113922bae0225589a1556062eaa9b9'),
('', '', '', '', '2022-03-13 22:23:31', '', '', 'print_traid', '', '67a23e715c6fe66e2ab74aed0cac1fb02301e0678c2777cfb35f144bfc126da7'),
('', '', '', '', '2022-03-13 22:23:31', '', '', 'print_traid', '', '14eb671d76bd4dfbc660ec311e7a90c5e312fd185e79cf1f153921cc4d9ca149'),
('', '', '', '', '2022-03-13 22:23:32', '', '', 'Make_Traid', '', 'a785eadb9f1996a20d0d59b070ae2dfb7742585e73ad802f2ddc7974569c8b54'),
('', '', '', '', '2022-03-13 22:23:32', '', '', 'Make_Traid', '', '636c75214c607be147313879449dd4e27616e2fbd1ebdc9aad5be50b8b56ef4b'),
('', '', '', '', '2022-03-13 22:23:33', '', '', 'check_key', '', 'b0430a81ec3de8544619a340a0451f3bf8372b4ccf95403d5707216b6b74d8f7'),
('', '', '', '', '2022-03-13 22:23:33', '', '', 'check_key', '', '9de10feef6d9a37dab236d3a30dc37df7fd950042b7f78a9c71d138b160be4c5'),
('', '', '', '', '2022-03-13 22:23:34', '', '', 'change_key', '', '89407d88b8e366101aeb5d1795fb800743952f5f6cbe1aaac1d2b0ef9de5c9fd'),
('', '', '', '', '2022-03-13 22:23:34', '', '', 'change_key', '', '8def66a623ed833ed875c0eb2342c1f043f461e8d684b2fa174dc36e3242cddf'),
('', '', '', '', '2022-03-13 22:23:36', '', '', 'check_key', '', '2b98d4cfc950254d5452c0a72929a74020e888d912ca16d395aa6c76400c0d0b'),
('', '', '', '', '2022-03-13 22:23:36', '', '', 'check_key', '', '25f3bf7f348fe4dfac01fa8268314093b2484926fe5c4fb0fb0b4e1e85155ee5'),
('', '', '', '', '2022-03-13 22:23:36', '', '', 'Make_Traid', '', '3e41c4786cbbbd6c1fc6272afa64d796b6d2537a30e9f6f1c3e0da0087bcb820'),
('', '', '', '', '2022-03-13 22:23:36', '', '', 'Make_Traid', '', '20a4621c43d68abcde5d9a64df69a3166b1204e230788876e6a604f2f7066d8b'),
('', '', '', '', '2022-03-13 22:24:24', '', '', 'print_traid', '', '30bcc497a24dcb375c89f814b5d90a91421f6a67287a4a3349317663a40817f8'),
('', '', '', '', '2022-03-13 22:24:24', '', '', 'print_traid', '', '579f72d6e8c3b77c9f9300df9c8ef0d21cb9015fd2939e056abeed2f48c3340d'),
('', '', '', '', '2022-03-13 22:24:27', '', '', 'C_triad', '', 'bec575774a36b25cad72176b8a84f0466961126476500bd4bba0505f09456a24'),
('', '', '', '', '2022-03-13 22:24:27', '', '', 'C_triad', '', 'ce9fd723867822fab981305f48534aa6b4e8f72ef6c2f8098bc4fc6788bbf220'),
('', '', '', '', '2022-03-13 22:24:28', '', '', 'print_traid', '', '314276a4160324158a522671acf893707432311f25e0e09264d8c35478152e3d'),
('', '', '', '', '2022-03-13 22:24:28', '', '', 'print_traid', '', 'bc9cea8483020c9b525fcd12d8c3691aa3f3d3d30c73274d86d9026bfdd1c5b9'),
('', '', '', '', '2022-03-13 22:24:30', '', '', 'C_triad', '', 'cd2fbabb77584153162cbd4292cfd6aa32d60142b7fb316756811ef7c196c261'),
('', '', '', '', '2022-03-13 22:24:30', '', '', 'C_triad', '', '64b0d1b3227f430cb47bed8a7f18e2044c267708fd6dcdbc68ef840b2fba4793'),
('', '', '', '', '2022-03-13 22:24:43', '', '', 'Uprint', '', 'b2c03ba24a3d57064405bc3c31b210b4a40ad997146b9cc7e66ec09422686333'),
('', '', '', '', '2022-03-13 22:24:43', '', '', 'Uprint', '', '429c266f3a453acd64659535d8af95232a580b4482229e7f97c37ae8217dd1ae'),
('', '', '', '', '2022-03-13 22:24:55', '', '', 'ADD_C', '', '0dd209f2fe72da3b021ff6d6b52c059fa9e876cb1f653fe0d615c22420cc23fa'),
('', '', '', '', '2022-03-13 22:24:55', '', '', 'ADD_C', '', '5999cd44d7fe7ae7ae351e38d8417a7e09216ca97ef1223389a84628a945133d'),
('', '', '', '', '2022-03-13 22:24:56', '', '', 'GET_C', '', 'c55b3f019474c4d48e2b541d008dc329f34cd59a29a37868fc42874a9592bf11'),
('', '', '', '', '2022-03-13 22:24:56', '', '', 'GET_C', '', '1aa97d502795daac030e862cac53cd02d6a903ca19ea0569cccd5d8edc0542b2'),
('', '', '', '', '2022-03-13 22:25:13', '', '', 'add_user', '', 'd9080a3bddc92050319330eb3af4136bc86884c78832f32681026b14ad3ddebe'),
('', '', '', '', '2022-03-13 22:25:13', '', '', 'uploader', '', '00b367130f3a101502a192f595363d81a79059a362d031c83e83edd908ea256e'),
('', '', '', '', '2022-03-13 22:25:13', '', '', 'add_user', '', 'ddb517abf2300e0309ae8a071b8f502c768783e0aba3dfe8d4e4cc04837cf2be'),
('', '', '', '', '2022-03-13 22:25:13', '', '', 'youtube1_maker', '', '1440ae32b5c3eaefad157616e9db61708b00b8d8d7df58e185d1c07e5cc98fcd'),
('', '', '', '', '2022-03-13 22:25:13', '', '', 'youtube2', '', '54cc05a1b4c40e0617c7b3b927abd9a40904b6a95f31fa196f03e3b5fd216d83'),
('', '', '', '', '2022-03-13 22:25:13', '', '', 'uploader', '', '505ff91c5c94ffcc22bb79ea69ba6c6e5dd38a1d108cdb0d4eec4a38c1facd15'),
('', '', '', '', '2022-03-13 22:25:13', '', '', 'youtube2_maker', '', '835807666c3a5ea70a2458d1326e446db7c7130a07dfe0c929781cd9d1815cdf'),
('', '', '', '', '2022-03-13 22:25:14', '', '', 'youtube1_maker', '', 'ad7bb19de64ede798d2e196dfddeaf0f2b3e813d030b7daaa838de4b036e8bd4'),
('', '', '', '', '2022-03-13 22:25:14', '', '', 'youtube2', '', 'ff43d1fd5ff09e1bc6994de0207602055f59e307f9ecbeef78c7457f6e764bf0'),
('', '', '', '', '2022-03-13 22:25:14', '', '', 'youtube2_maker', '', 'a41249b4daec9c59bab2ba2cf5a81a5dcff2649dd4cbc83e99b2052bd74eb684'),
('', '', '', '', '2022-03-13 22:25:16', '', '', 'add_post', '', '37ae648b99a650e079b3d0567c98e5b474e357f9b09c24fc83e3defa4689ff4b'),
('', '', '', '', '2022-03-13 22:25:16', '', '', 'add_post', '', '030617c119d36fc0709ceedec283fba76d3f05b69b6d48595e8c8587c1cf0986'),
('', '', '', '', '2022-03-13 22:25:17', '', '', 'change_post', '', '26102e00109a34606f0ebdf8ecba465827f5352c8ce664744067d0dad7781867'),
('', '', '', '', '2022-03-13 22:25:17', '', '', 'change_post', '', '44f6896b19ad65df0bb04110101d8b64c9028bd4cf954684fbdd43dc6b8284f0'),
('', '', '', '', '2022-03-13 22:25:17', '', '', 'Get', '', '2414de30e0ad1354ebebd87a3c59a17fd4df50648eb6ee1474e0ad5a6645b6a9'),
('', '', '', '', '2022-03-13 22:25:18', '', '', 'Get', '', '44b19a4e2669c5fd231380191765e7af9aa78cf79ab44900b38ffe685b06c3b6'),
('', '', '', '', '2022-03-13 22:25:18', '', '', 'Ledger', '', '753d97faafa7e30d193a83d8b44aa03cc50c5efa529e5703d092ab1a1829af5c'),
('', '', '', '', '2022-03-13 22:25:18', '', '', 'Ledger', '', '5e2e04ed1887fb6a539f3020b5d068260a583ecc12ba83eb98f51f8ef91b3880'),
('', '', '', '', '2022-03-13 22:25:20', '', '', 'key', '', '38d9224027e6861946a45c0c91f23a2c813a7346449a26172bed163beec38723'),
('', '', '', '', '2022-03-13 22:25:21', '', '', 'key', '', 'e3d6cf066605fbeb276906b3ff7fb6724c26e5db0cd34b5d4df53ac009a9dfcf'),
('', '', '', '', '2022-03-13 22:25:22', '', '', 'change_key', '', '8ff490b846382ab374e19c525075c747a629a45d5e4b8fd1fdb3cbb058af2acd'),
('', '', '', '', '2022-03-13 22:25:22', '', '', 'change_key', '', '1a3742e0166bd9fe788c21c728d821f080186396a66fda47a665131a78cdd228'),
('', '', '', '', '2022-03-13 22:25:23', '', '', 'check_key', '', 'a41039ff369a1183550621806025e601b3c584711944ff241828351605389fec'),
('', '', '', '', '2022-03-13 22:25:23', '', '', 'check_key', '', '3f4abdc667ca6108ee625cdb3c858d46bdac6dcb8fd9949f7e879fbf6b9f2cb3'),
('', '', '', '', '2022-03-13 22:25:24', '', '', 'Make_Traid', '', '6e0dff79d4dd3b8f26e2f9514df86c14c61e92ddcd1f24fea47383aa2f49fb93'),
('', '', '', '', '2022-03-13 22:25:24', '', '', 'Make_Traid', '', 'cf2abff9d6b3472ec4ba7c0c738649c9f141f358912b17128dd2111489f94700'),
('', '', '', '', '2022-03-13 22:25:25', '', '', 'print_traid', '', '80842d50fb0dae3938c3d2dd814f2194eaacd880bb32d17c306c776cebfeddb5'),
('', '', '', '', '2022-03-13 22:25:25', '', '', 'print_traid', '', 'ad585bc5b0b1a8ec2bb5c015ea868612ea48d1a8eca9c2e6cd3c831fba03d6ca'),
('', '', '', '', '2022-03-13 22:25:26', '', '', 'Make_Traid', '', '4fd851cde5df5cb5284f8093659e28391e306a146ede2bee2816ca343398cc0a'),
('', '', '', '', '2022-03-13 22:25:26', '', '', 'Make_Traid', '', 'dc96fc21277983c720f9e81c08e49500c66ea3c96bd9f056dfe6dda51467edd2'),
('', '', '', '', '2022-03-13 22:25:28', '', '', 'print_traid', '', 'dc3f1590dfccad31e4d460471c2706210aff0ef7923285065c1053e9f6fab881'),
('', '', '', '', '2022-03-13 22:25:28', '', '', 'print_traid', '', '167510a359d63870f523afe9c62cefc15661da21551ac7614bfd15d52f2405b6'),
('', '', '', '', '2022-03-13 22:25:31', '', '', 'C_triad', '', '37c1b719a335a744c694d33ff36abe73d56f63c57152a908d3998917303e90ee'),
('', '', '', '', '2022-03-13 22:25:31', '', '', 'C_triad', '', '1c7a60ec71b52e64726395436e697557d39042813e16d7d5c7fc93489a6900f0'),
('', '', '', '', '2022-03-13 22:25:34', '', '', 'Uprint', '', '4fff9f7be986685ae3f4b944a2348b2e9e6f3a257c06e830d9cc1c4642716a89'),
('', '', '', '', '2022-03-13 22:25:34', '', '', 'Uprint', '', '23078207173ae2ca119c02077e5201e261d94a8cb2390f1e88cec93ebbc6acdf'),
('', '', '', '', '2022-03-13 22:25:35', '', '', 'ADD_C', '', 'c97f7136ba6a205380b32643b18e7d82da42f3f4ca1bac2bc56ca2e4677a6e70'),
('', '', '', '', '2022-03-13 22:25:35', '', '', 'ADD_C', '', '5256461ff6ec7847ac5c71da0f2d1741b0c0cb849077872880c71b82f8792da6'),
('', '', '', '', '2022-03-13 22:25:36', '', '', 'Getback', '', '85b44bc47803963d6210d359e2f9b3d5880989767b520bff97948fc8db606bf8'),
('', '', '', '', '2022-03-13 22:25:36', '', '', 'Getback', '', '45ad79ce3d0f8cffc05135eb88943984becb61e4656eb798b3ff7f4e255084b7');

-- --------------------------------------------------------

--
-- Table structure for table `redirect`
--

CREATE TABLE `redirect` (
  `id` text NOT NULL,
  `url` text NOT NULL,
  `time` timestamp NOT NULL
) ENGINE=InnoDB DEFAULT CHARSET=utf8mb4 COLLATE=utf8mb4_0900_ai_ci;

-- --------------------------------------------------------

--
-- Table structure for table `template`
--

CREATE TABLE `template` (
  `user` text NOT NULL,
  `usertemplate_name` text NOT NULL,
  `template` mediumtext NOT NULL,
  `time` timestamp NOT NULL
) ENGINE=InnoDB DEFAULT CHARSET=utf8mb4 COLLATE=utf8mb4_0900_ai_ci;

--
-- Dumping data for table `template`
--

INSERT INTO `template` (`user`, `usertemplate_name`, `template`, `time`) VALUES
('u1', 'uploader', '<!DOCTYPE html>\n<html>\n<head>\n<title>Read Text File</title>\n</head>\n<body  style=(!A???!???A!)background-color: #24222a;(!A???!???A!)>\n      <link rel=(!A???!???A!)stylesheet(!A???!???A!) href=(!A???!???A!)https://maxcdn.bootstrapcdn.com/bootstrap/4.0.0/css/bootstrap.min.css(!A???!???A!)\n    integrity=(!A???!???A!)sha384-Gn5384xqQ1aoWXA+058RXPxPg6fy4IWvTNh0E263XmFcJlSAwiGgFAW/dAiS6JXm(!A???!???A!) crossorigin=(!A???!???A!)anonymous(!A???!???A!)>\n  <script src=(!A???!???A!)https://code.jquery.com/jquery-3.2.1.slim.min.js(!A???!???A!)\n    integrity=(!A???!???A!)sha384-KJ3o2DKtIkvYIK3UENzmM7KCkRr/rE9/Qpg6aAZGJwFDMVNA/GpGFF93hXpG5KkN(!A???!???A!) crossorigin=(!A???!???A!)anonymous(!A???!???A!)></script>\n  <script src=(!A???!???A!)https://cdnjs.cloudflare.com/ajax/libs/popper.js/1.12.9/umd/popper.min.js(!A???!???A!)\n    integrity=(!A???!???A!)sha384-ApNbgh9B+Y1QKtv3Rn7W3mgPxhU9K/ScQsAP7hUibX39j7fakFPskvXusvfa0b4Q(!A???!???A!) crossorigin=(!A???!???A!)anonymous(!A???!???A!)></script>\n  <script src=(!A???!???A!)https://maxcdn.bootstrapcdn.com/bootstrap/4.0.0/js/bootstrap.min.js(!A???!???A!)\n    integrity=(!A???!???A!)sha384-JZR6Spejh4U02d8jOt6vLEHfe/JQGiRRSQQxSfFWpi1MquVdAyjUar5+76PVCmYl(!A???!???A!) crossorigin=(!A???!???A!)anonymous(!A???!???A!)></script>\n    <input type=(!A???!???A!)file(!A???!???A!) name=(!A???!???A!)inputfile(!A???!???A!)\n            id=(!A???!???A!)inputfile(!A???!???A!)>\n    <br>\n   <td><button onclick=(!A???!???A!)upload()(!A???!???A!)>Load Selected File</button><td>\n    <pre id=(!A???!???A!)output(!A???!???A!) class=(!A???!???A!)text-white(!A???!???A!)></pre>\n    <script type=(!A???!???A!)text/javascript(!A???!???A!)>\n    val =(!A???!???A!)(!A???!???A!);\n        document.getElementById((!B???!???B!)inputfile(!B???!???B!))\n            .addEventListener((!B???!???B!)change(!B???!???B!), function() {\n            var fr=new FileReader();\n            fr.onload=function(){\n\n                        console.log(fr.result);\n                        newsting = String(fr.result);\n\n                        val = (!A???!???A!)(!A???!???A!);\n                        for (var x = 0; x < newsting.length; x++) {\n                          var c = newsting.charAt(x);\n                          console.log(c);\n                          console.log(c.charCodeAt(0));\n                          test = (c.charCodeAt(0)==38);\n                          console.log( test );\n\n                          if ( test ) {\n                            console.log((!A???!???A!)inhere(!A???!???A!));\n                            val=val+(!A???!???A!)(!W???!(!A???!???A!)+(!A???!???A!)???W!)(!A???!???A!);\n                            console.log(val);\n                          }\n                          else{\n\n                                console.log(c);\n                                console.log(c.charCodeAt(0));\n                                test = (c.charCodeAt(0)==43);\n                                console.log( test );\n\n                                if ( test ) {\n                                  console.log((!A???!???A!)inhere(!A???!???A!));\n                                  val=val+(!A???!???A!)(!L???!(!A???!???A!)+(!A???!???A!)???L!)(!A???!???A!);\n                                  console.log(val);\n                                }\n                                else{\n                                  val=val+c;\n                                }\n\n\n                            \n                          }\n                        }\n                        console.log(val);\n\n                        document.getElementById((!B???!???B!)output(!B???!???B!))\n                        .textContent=val;\n            }\n            fr.readAsText(this.files[0]);\n        })\n        function upload(){\n      var anysize = 20;//the size of string \n      var charset = (!A???!???A!)abcdefghijklmnopqrstuvwxyz(!A???!???A!); //from where to create\n      result=(!A???!???A!)(!A???!???A!);\n      for( var i=0; i < anysize; i++ ){\n              result += charset[Math.floor(Math.random() * charset.length)%charset.length];\n        }\n\n        var xhr = new XMLHttpRequest();\n        xhr.open((!A???!???A!)POST(!A???!???A!), (!A???!???A!)(!P???!???P!)(!A???!???A!), true);\n        xhr.setRequestHeader((!A???!???A!)Content-type(!A???!???A!), (!A???!???A!)application/x-www-form-urlencoded(!A???!???A!));\n\n        post_val = (!A???!???A!)user=u1&password=top&temmplate_name=mygame(!A???!???A!)+result+(!A???!???A!)&template=(!A???!???A!)+encodeURI(val)+(!A???!???A!)&type=this&replace=!(!A???!???A!)\n        console.log(post_val);\n        xhr.send(post_val);\n        console.log(xhr.responseText);\n\n        console.log((!A???!???A!)(!P???!???P!)/doit?action_type=makepage&var=W&rep=&usertemplate_name=(!A???!???A!)+(!A???!???A!)u1_mygame(!A???!???A!)+result);\n\n        document.getElementById((!A???!???A!)output(!A???!???A!)).innerHTML =(!A???!???A!)<label for=(!D???!???D!)(!A???!???A!)output(!D???!???D!)(!A???!???A!) class=(!D???!???D!)(!A???!???A!)text-white(!D???!???D!)(!A???!???A!)>(!A???!???A!)+(!A???!???A!)(!P???!???P!)?action_type=makepage&rep=&usertemplate_name=u1_mygame(!A???!???A!)+result+(!A???!???A!)</label></br>(!A???!???A!);\n\n\n\n        }\n    </script>\n</body>\n</html>', '2021-10-26 19:06:37'),
('u1', 'add_user', '\n\n<!DOCTYPE html>\n<html>\n<head>\n  <meta charset=(!A???!???A!)UTF-8(!A???!???A!)>\n  <meta http-equiv=(!A???!???A!)X-UA-Compatible(!A???!???A!) content=(!A???!???A!)IE=edge(!A???!???A!)>\n  <meta name=(!A???!???A!)viewport(!A???!???A!) content=(!A???!???A!)width=device-width, initial-scale=1.0(!A???!???A!)>\n  <title>Add User</title>\n  <!-- bootstrap link start -->\n  <link rel=(!A???!???A!)stylesheet(!A???!???A!) href=(!A???!???A!)https://maxcdn.bootstrapcdn.com/bootstrap/4.0.0/css/bootstrap.min.css(!A???!???A!)\n    integrity=(!A???!???A!)sha384-Gn5384xqQ1aoWXA(!L???!???L!)058RXPxPg6fy4IWvTNh0E263XmFcJlSAwiGgFAW/dAiS6JXm(!A???!???A!) crossorigin=(!A???!???A!)anonymous(!A???!???A!)>\n  <script src=(!A???!???A!)https://code.jquery.com/jquery-3.2.1.slim.min.js(!A???!???A!)\n    integrity=(!A???!???A!)sha384-KJ3o2DKtIkvYIK3UENzmM7KCkRr/rE9/Qpg6aAZGJwFDMVNA/GpGFF93hXpG5KkN(!A???!???A!) crossorigin=(!A???!???A!)anonymous(!A???!???A!)></script>\n  <script src=(!A???!???A!)https://cdnjs.cloudflare.com/ajax/libs/popper.js/1.12.9/umd/popper.min.js(!A???!???A!)\n    integrity=(!A???!???A!)sha384-ApNbgh9B(!L???!???L!)Y1QKtv3Rn7W3mgPxhU9K/ScQsAP7hUibX39j7fakFPskvXusvfa0b4Q(!A???!???A!) crossorigin=(!A???!???A!)anonymous(!A???!???A!)></script>\n  <script src=(!A???!???A!)https://maxcdn.bootstrapcdn.com/bootstrap/4.0.0/js/bootstrap.min.js(!A???!???A!)\n    integrity=(!A???!???A!)sha384-JZR6Spejh4U02d8jOt6vLEHfe/JQGiRRSQQxSfFWpi1MquVdAyjUar5(!L???!???L!)76PVCmYl(!A???!???A!) crossorigin=(!A???!???A!)anonymous(!A???!???A!)></script>\n  <!-- bootstrap link end -->\n  <style>\n  .themainbutton{\n    min-width: 220px;\n  }\n  </style>\n</head>\n\n</br>\n</br>\n<body style=(!A???!???A!)background-color: #24222a;(!A???!???A!)>\n\n  <div class=(!A???!???A!)container (!A???!???A!)>\n    <div class=(!A???!???A!) d-flex justify-content-center(!A???!???A!)>\n      <div>\n\n          <div id = (!A???!???A!)stuff(!A???!???A!)> <label for=(!A???!???A!)uname(!A???!???A!) class=(!A???!???A!)text-white(!A???!???A!)>Add a User </label></div>\n        </br>\n        <div class=(!A???!???A!)form-group(!A???!???A!)>\n          <label for=(!A???!???A!)uname(!A???!???A!) class=(!A???!???A!)text-white(!A???!???A!)>User Name</label>\n          <input type=(!A???!???A!)text(!A???!???A!) class=(!A???!???A!)form-control(!A???!???A!) id=(!A???!???A!)user(!A???!???A!) name=(!A???!???A!)user(!A???!???A!) placeholder=(!A???!???A!)User Name(!A???!???A!) value=(!A???!???A!)(!A???!???A!)>\n        </div>\n\n        <div class=(!A???!???A!)form-group(!A???!???A!)>\n          <label for=(!A???!???A!)uname(!A???!???A!) class=(!A???!???A!)text-white(!A???!???A!)>Password</label>\n          <input type=(!A???!???A!)text(!A???!???A!) class=(!A???!???A!)form-control(!A???!???A!) id=(!A???!???A!)password(!A???!???A!) name=(!A???!???A!)password(!A???!???A!) placeholder=(!A???!???A!)Passwords(!A???!???A!) value=(!A???!???A!)(!A???!???A!)>\n        </div>\n\n        <div class=(!A???!???A!)form-group(!A???!???A!)>\n          <label for=(!A???!???A!)uname(!A???!???A!) class=(!A???!???A!)text-white(!A???!???A!)>Email</label>\n          <input type=(!A???!???A!)text(!A???!???A!) class=(!A???!???A!)form-control(!A???!???A!) id=(!A???!???A!)email(!A???!???A!) name=(!A???!???A!)email(!A???!???A!) placeholder=(!A???!???A!)Email(!A???!???A!) value=(!A???!???A!)(!A???!???A!)>\n        </div>\n\n\n        <button class=(!A???!???A!)btn btn-primary(!A???!???A!) onclick=(!A???!???A!)add_user()(!A???!???A!)>Add User</button>\n\n      </div>\n\n\n      </div>\n\n  </div>\n</body>\n</html>\n\n<script type=(!A???!???A!)text/javascript(!A???!???A!)>\n\n\nfunction add_user(){\n\nsend_Url=(!A???!???A!)(!P???!???P!)?user=(!A???!???A!)(!L???!???L!)document.getElementById((!A???!???A!)user(!A???!???A!)).value(!L???!???L!)(!A???!???A!)(!W???!???W!)action_type=adduser(!W???!???W!)password=(!A???!???A!)(!L???!???L!)document.getElementById((!A???!???A!)password(!A???!???A!)).value(!L???!???L!)(!A???!???A!)(!W???!???W!)email=(!A???!???A!)(!L???!???L!)document.getElementById((!A???!???A!)email(!A???!???A!)).value;\n\nalert(send_Url);\npost_responce(send_Url,send_alert,(!A???!???A!)varible(!A???!???A!));\n\n}\n\nfunction send_alert(A,B){\n  document.getElementById((!A???!???A!)stuff(!A???!???A!)).innerHTML= (!A???!???A!)<label for=(!D???!???D!)(!A???!???A!)uname(!D???!???D!)(!A???!???A!) class=(!D???!???D!)(!A???!???A!)text-white(!D???!???D!)(!A???!???A!)>(!A???!???A!)(!L???!???L!)A(!L???!???L!)(!A???!???A!)</label></div>(!A???!???A!);\n}\n\nfunction post_responce(path,func,varible){\n\n  console.log(path);\n  fetch(path).then(\n      ( response) => {\n          return response.text();\n      })\n      .then((html) => {\n          func(  html.trim()  , varible )\n      });\n}\n\n\n\n\n\n\n\n</script>\n\n\n\n', '2021-10-26 19:08:39'),
('u1', 'add_post', '\n\n<!DOCTYPE html>\n<html>\n<head>\n  <meta charset=(!A???!???A!)UTF-8(!A???!???A!)>\n  <meta http-equiv=(!A???!???A!)X-UA-Compatible(!A???!???A!) content=(!A???!???A!)IE=edge(!A???!???A!)>\n  <meta name=(!A???!???A!)viewport(!A???!???A!) content=(!A???!???A!)width=device-width, initial-scale=1.0(!A???!???A!)>\n  <title>Add User</title>\n  <!-- bootstrap link start -->\n  <link rel=(!A???!???A!)stylesheet(!A???!???A!) href=(!A???!???A!)https://maxcdn.bootstrapcdn.com/bootstrap/4.0.0/css/bootstrap.min.css(!A???!???A!)\n    integrity=(!A???!???A!)sha384-Gn5384xqQ1aoWXA(!L???!???L!)058RXPxPg6fy4IWvTNh0E263XmFcJlSAwiGgFAW/dAiS6JXm(!A???!???A!) crossorigin=(!A???!???A!)anonymous(!A???!???A!)>\n  <script src=(!A???!???A!)https://code.jquery.com/jquery-3.2.1.slim.min.js(!A???!???A!)\n    integrity=(!A???!???A!)sha384-KJ3o2DKtIkvYIK3UENzmM7KCkRr/rE9/Qpg6aAZGJwFDMVNA/GpGFF93hXpG5KkN(!A???!???A!) crossorigin=(!A???!???A!)anonymous(!A???!???A!)></script>\n  <script src=(!A???!???A!)https://cdnjs.cloudflare.com/ajax/libs/popper.js/1.12.9/umd/popper.min.js(!A???!???A!)\n    integrity=(!A???!???A!)sha384-ApNbgh9B(!L???!???L!)Y1QKtv3Rn7W3mgPxhU9K/ScQsAP7hUibX39j7fakFPskvXusvfa0b4Q(!A???!???A!) crossorigin=(!A???!???A!)anonymous(!A???!???A!)></script>\n  <script src=(!A???!???A!)https://maxcdn.bootstrapcdn.com/bootstrap/4.0.0/js/bootstrap.min.js(!A???!???A!)\n    integrity=(!A???!???A!)sha384-JZR6Spejh4U02d8jOt6vLEHfe/JQGiRRSQQxSfFWpi1MquVdAyjUar5(!L???!???L!)76PVCmYl(!A???!???A!) crossorigin=(!A???!???A!)anonymous(!A???!???A!)></script>\n  <!-- bootstrap link end -->\n  <style>\n  .themainbutton{\n    min-width: 220px;\n  }\n  </style>\n</head>\n\n</br>\n</br>\n<body style=(!A???!???A!)background-color: #24222a;(!A???!???A!)>\n\n  <div class=(!A???!???A!)container (!A???!???A!)>\n    <div class=(!A???!???A!) d-flex justify-content-center(!A???!???A!)>\n      <div>\n\n          <div id = (!A???!???A!)stuff(!A???!???A!)> <label for=(!A???!???A!)uname(!A???!???A!) class=(!A???!???A!)text-white(!A???!???A!)>Add a Key</label></div>\n        </br>\n        <div class=(!A???!???A!)form-group(!A???!???A!)>\n          <label for=(!A???!???A!)uname(!A???!???A!) class=(!A???!???A!)text-white(!A???!???A!)>User</label>\n          <input type=(!A???!???A!)text(!A???!???A!) class=(!A???!???A!)form-control(!A???!???A!) id=(!A???!???A!)User(!A???!???A!) name=(!A???!???A!)User(!A???!???A!) placeholder=(!A???!???A!)User Name(!A???!???A!) value=(!A???!???A!)(!A???!???A!)>\n        </div>\n\n        <div class=(!A???!???A!)form-group(!A???!???A!)>\n          <label for=(!A???!???A!)uname(!A???!???A!) class=(!A???!???A!)text-white(!A???!???A!)>Password</label>\n          <input type=(!A???!???A!)text(!A???!???A!) class=(!A???!???A!)form-control(!A???!???A!) id=(!A???!???A!)password(!A???!???A!) name=(!A???!???A!)password(!A???!???A!) placeholder=(!A???!???A!)Passwords(!A???!???A!) value=(!A???!???A!)(!A???!???A!)>\n        </div>\n\n\n\n        <div class=(!A???!???A!)form-group(!A???!???A!)>\n          <label for=(!A???!???A!)uname(!A???!???A!) class=(!A???!???A!)text-white(!A???!???A!)>text</label>\n          <input type=(!A???!???A!)text(!A???!???A!) class=(!A???!???A!)form-control(!A???!???A!) id=(!A???!???A!)text(!A???!???A!) name=(!A???!???A!)text(!A???!???A!) placeholder=(!A???!???A!)keyfroward(!A???!???A!) value=(!A???!???A!)(!A???!???A!)>\n        </div>\n\n        <div class=(!A???!???A!)form-group(!A???!???A!)>\n          <label for=(!A???!???A!)uname(!A???!???A!) class=(!A???!???A!)text-white(!A???!???A!)>body</label>\n          <input type=(!A???!???A!)text(!A???!???A!) class=(!A???!???A!)form-control(!A???!???A!) id=(!A???!???A!)body(!A???!???A!) name=(!A???!???A!)body(!A???!???A!) placeholder=(!A???!???A!)keyfroward(!A???!???A!) value=(!A???!???A!)(!A???!???A!)>\n        </div>\n\n        <div class=(!A???!???A!)form-group(!A???!???A!)>\n          <label for=(!A???!???A!)uname(!A???!???A!) class=(!A???!???A!)text-white(!A???!???A!)>photo</label>\n          <input type=(!A???!???A!)text(!A???!???A!) class=(!A???!???A!)form-control(!A???!???A!) id=(!A???!???A!)photo(!A???!???A!) name=(!A???!???A!)photo(!A???!???A!) placeholder=(!A???!???A!)keyfroward(!A???!???A!) value=(!A???!???A!)(!A???!???A!)>\n        </div>\n\n        <div class=(!A???!???A!)form-group(!A???!???A!)>\n          <label for=(!A???!???A!)uname(!A???!???A!) class=(!A???!???A!)text-white(!A???!???A!)>catagoy</label>\n          <input type=(!A???!???A!)text(!A???!???A!) class=(!A???!???A!)form-control(!A???!???A!) id=(!A???!???A!)catagoy(!A???!???A!) name=(!A???!???A!)catagoy(!A???!???A!) placeholder=(!A???!???A!)keyfroward(!A???!???A!) value=(!A???!???A!)(!A???!???A!)>\n        </div>\n\n        <div class=(!A???!???A!)form-group(!A???!???A!)>\n          <label for=(!A???!???A!)uname(!A???!???A!) class=(!A???!???A!)text-white(!A???!???A!)>catagoy_2</label>\n          <input type=(!A???!???A!)text(!A???!???A!) class=(!A???!???A!)form-control(!A???!???A!) id=(!A???!???A!)catagoy_2(!A???!???A!) name=(!A???!???A!)catagoy_2(!A???!???A!) placeholder=(!A???!???A!)keyfroward(!A???!???A!) value=(!A???!???A!)(!A???!???A!)>\n        </div>\n\n        <button class=(!A???!???A!)btn btn-primary(!A???!???A!) onclick=(!A???!???A!)add_user()(!A???!???A!)>Add User</button>\n\n      </div>\n\n\n      </div>\n\n  </div>\n</body>\n</html>\n\n<script type=(!A???!???A!)text/javascript(!A???!???A!)>\n\n\nfunction add_user(){\nphoto\n\nsend_Url=(!A???!???A!)(!P???!???P!)?user=(!A???!???A!)(!L???!???L!)document.getElementById((!A???!???A!)User(!A???!???A!)).value(!L???!???L!)(!A???!???A!)(!W???!???W!)action_type=add_post(!W???!???W!)password=(!A???!???A!)(!L???!???L!)document.getElementById((!A???!???A!)password(!A???!???A!)).value(!L???!???L!)(!A???!???A!)(!W???!???W!)text=(!A???!???A!)(!L???!???L!)document.getElementById((!A???!???A!)text(!A???!???A!)).value(!L???!???L!)(!A???!???A!)(!W???!???W!)body=(!A???!???A!)(!L???!???L!)document.getElementById((!A???!???A!)body(!A???!???A!)).value(!L???!???L!)(!A???!???A!)(!W???!???W!)photo=(!A???!???A!)(!L???!???L!)document.getElementById((!A???!???A!)photo(!A???!???A!)).value(!L???!???L!)(!A???!???A!)(!W???!???W!)catagoy=(!A???!???A!)(!L???!???L!)document.getElementById((!A???!???A!)catagoy(!A???!???A!)).value(!L???!???L!)(!A???!???A!)(!W???!???W!)catagoy_2=(!A???!???A!)(!L???!???L!)document.getElementById((!A???!???A!)catagoy_2(!A???!???A!)).value;\n\nalert(send_Url);\npost_responce(send_Url,send_alert,(!A???!???A!)varible(!A???!???A!));\n\n}\n\nfunction send_alert(A,B){\n  document.getElementById((!A???!???A!)stuff(!A???!???A!)).innerHTML= (!A???!???A!)<label for=(!D???!???D!)(!A???!???A!)uname(!D???!???D!)(!A???!???A!) class=(!D???!???D!)(!A???!???A!)text-white(!D???!???D!)(!A???!???A!)>(!A???!???A!)(!L???!???L!)A(!L???!???L!)(!A???!???A!)</label></div>(!A???!???A!);\n}\n\nfunction post_responce(path,func,varible){\n\n  console.log(path);\n  fetch(path).then(\n      ( response) => {\n          return response.text();\n      })\n      .then((html) => {\n          func(  html.trim()  , varible )\n      });\n}\n\n\n\n\n\n\n\n</script>\n\n\n\n', '2021-10-26 19:41:39'),
('u1', 'change_post', '\n\n<!DOCTYPE html>\n<html>\n<head>\n  <meta charset=(!A???!???A!)UTF-8(!A???!???A!)>\n  <meta http-equiv=(!A???!???A!)X-UA-Compatible(!A???!???A!) content=(!A???!???A!)IE=edge(!A???!???A!)>\n  <meta name=(!A???!???A!)viewport(!A???!???A!) content=(!A???!???A!)width=device-width, initial-scale=1.0(!A???!???A!)>\n  <title>Add User</title>\n  <!-- bootstrap link start -->\n  <link rel=(!A???!???A!)stylesheet(!A???!???A!) href=(!A???!???A!)https://maxcdn.bootstrapcdn.com/bootstrap/4.0.0/css/bootstrap.min.css(!A???!???A!)\n    integrity=(!A???!???A!)sha384-Gn5384xqQ1aoWXA(!L???!???L!)058RXPxPg6fy4IWvTNh0E263XmFcJlSAwiGgFAW/dAiS6JXm(!A???!???A!) crossorigin=(!A???!???A!)anonymous(!A???!???A!)>\n  <script src=(!A???!???A!)https://code.jquery.com/jquery-3.2.1.slim.min.js(!A???!???A!)\n    integrity=(!A???!???A!)sha384-KJ3o2DKtIkvYIK3UENzmM7KCkRr/rE9/Qpg6aAZGJwFDMVNA/GpGFF93hXpG5KkN(!A???!???A!) crossorigin=(!A???!???A!)anonymous(!A???!???A!)></script>\n  <script src=(!A???!???A!)https://cdnjs.cloudflare.com/ajax/libs/popper.js/1.12.9/umd/popper.min.js(!A???!???A!)\n    integrity=(!A???!???A!)sha384-ApNbgh9B(!L???!???L!)Y1QKtv3Rn7W3mgPxhU9K/ScQsAP7hUibX39j7fakFPskvXusvfa0b4Q(!A???!???A!) crossorigin=(!A???!???A!)anonymous(!A???!???A!)></script>\n  <script src=(!A???!???A!)https://maxcdn.bootstrapcdn.com/bootstrap/4.0.0/js/bootstrap.min.js(!A???!???A!)\n    integrity=(!A???!???A!)sha384-JZR6Spejh4U02d8jOt6vLEHfe/JQGiRRSQQxSfFWpi1MquVdAyjUar5(!L???!???L!)76PVCmYl(!A???!???A!) crossorigin=(!A???!???A!)anonymous(!A???!???A!)></script>\n  <!-- bootstrap link end -->\n  <style>\n  .themainbutton{\n    min-width: 220px;\n  }\n  </style>\n</head>\n\n</br>\n</br>\n<body style=(!A???!???A!)background-color: #24222a;(!A???!???A!)>\n\n  <div class=(!A???!???A!)container (!A???!???A!)>\n    <div class=(!A???!???A!) d-flex justify-content-center(!A???!???A!)>\n      <div>\n\n          <div id = (!A???!???A!)stuff(!A???!???A!)> <label for=(!A???!???A!)uname(!A???!???A!) class=(!A???!???A!)text-white(!A???!???A!)>Add a Key</label></div>\n        </br>\n        <div class=(!A???!???A!)form-group(!A???!???A!)>\n          <label for=(!A???!???A!)uname(!A???!???A!) class=(!A???!???A!)text-white(!A???!???A!)>User</label>\n          <input type=(!A???!???A!)text(!A???!???A!) class=(!A???!???A!)form-control(!A???!???A!) id=(!A???!???A!)User(!A???!???A!) name=(!A???!???A!)User(!A???!???A!) placeholder=(!A???!???A!)User Name(!A???!???A!) value=(!A???!???A!)(!A???!???A!)>\n        </div>\n\n        <div class=(!A???!???A!)form-group(!A???!???A!)>\n          <label for=(!A???!???A!)uname(!A???!???A!) class=(!A???!???A!)text-white(!A???!???A!)>Password</label>\n          <input type=(!A???!???A!)text(!A???!???A!) class=(!A???!???A!)form-control(!A???!???A!) id=(!A???!???A!)password(!A???!???A!) name=(!A???!???A!)password(!A???!???A!) placeholder=(!A???!???A!)Passwords(!A???!???A!) value=(!A???!???A!)(!A???!???A!)>\n        </div>\n\n\n\n        <div class=(!A???!???A!)form-group(!A???!???A!)>\n          <label for=(!A???!???A!)uname(!A???!???A!) class=(!A???!???A!)text-white(!A???!???A!)>PostId</label>\n          <input type=(!A???!???A!)text(!A???!???A!) class=(!A???!???A!)form-control(!A???!???A!) id=(!A???!???A!)PostId(!A???!???A!) name=(!A???!???A!)PostId(!A???!???A!) placeholder=(!A???!???A!)keyfroward(!A???!???A!) value=(!A???!???A!)(!A???!???A!)>\n        </div>\n\n        <div class=(!A???!???A!)form-group(!A???!???A!)>\n          <label for=(!A???!???A!)uname(!A???!???A!) class=(!A???!???A!)text-white(!A???!???A!)>New_text</label>\n          <input type=(!A???!???A!)text(!A???!???A!) class=(!A???!???A!)form-control(!A???!???A!) id=(!A???!???A!)New_text(!A???!???A!) name=(!A???!???A!)New_text(!A???!???A!) placeholder=(!A???!???A!)keyfroward(!A???!???A!) value=(!A???!???A!)(!A???!???A!)>\n        </div>\n\n\n\n        <button class=(!A???!???A!)btn btn-primary(!A???!???A!) onclick=(!A???!???A!)add_user()(!A???!???A!)>Add User</button>\n\n      </div>\n\n\n      </div>\n\n  </div>\n</body>\n</html>\n\n<script type=(!A???!???A!)text/javascript(!A???!???A!)>\n\n\nfunction add_user(){\n\n\n\n//http://localhost:8000/doit?action_type=change_post(!W???!???W!)user=u1(!W???!???W!)password=top(!W???!???W!)key=(!W???!???W!)text=this\n\nsend_Url=(!A???!???A!)(!P???!???P!)?user=(!A???!???A!)(!L???!???L!)document.getElementById((!A???!???A!)User(!A???!???A!)).value(!L???!???L!)(!A???!???A!)(!W???!???W!)action_type=change_post(!W???!???W!)password=(!A???!???A!)(!L???!???L!)document.getElementById((!A???!???A!)password(!A???!???A!)).value(!L???!???L!)(!A???!???A!)(!W???!???W!)key=(!A???!???A!)(!L???!???L!)document.getElementById((!A???!???A!)PostId(!A???!???A!)).value(!L???!???L!)(!A???!???A!)(!W???!???W!)text=(!A???!???A!)(!L???!???L!)document.getElementById((!A???!???A!)New_text(!A???!???A!)).value;\n\nalert(send_Url);\npost_responce(send_Url,send_alert,(!A???!???A!)varible(!A???!???A!));\n\n}\n\nfunction send_alert(A,B){\n  document.getElementById((!A???!???A!)stuff(!A???!???A!)).innerHTML= (!A???!???A!)<label for=(!D???!???D!)(!A???!???A!)uname(!D???!???D!)(!A???!???A!) class=(!D???!???D!)(!A???!???A!)text-white(!D???!???D!)(!A???!???A!)>(!A???!???A!)(!L???!???L!)A(!L???!???L!)(!A???!???A!)</label></div>(!A???!???A!);\n}\n\nfunction post_responce(path,func,varible){\n\n  console.log(path);\n  fetch(path).then(\n      ( response) => {\n          return response.text();\n      })\n      .then((html) => {\n          func(  html.trim()  , varible )\n      });\n}\n\n\n\n\n\n\n\n</script>\n\n\n\n', '2021-10-26 19:43:06'),
('u1', 'Get', '\n\n<!DOCTYPE html>\n<html>\n<head>\n  <meta charset=(!A???!???A!)UTF-8(!A???!???A!)>\n  <meta http-equiv=(!A???!???A!)X-UA-Compatible(!A???!???A!) content=(!A???!???A!)IE=edge(!A???!???A!)>\n  <meta name=(!A???!???A!)viewport(!A???!???A!) content=(!A???!???A!)width=device-width, initial-scale=1.0(!A???!???A!)>\n  <title>Add User</title>\n  <!-- bootstrap link start -->\n  <link rel=(!A???!???A!)stylesheet(!A???!???A!) href=(!A???!???A!)https://maxcdn.bootstrapcdn.com/bootstrap/4.0.0/css/bootstrap.min.css(!A???!???A!)\n    integrity=(!A???!???A!)sha384-Gn5384xqQ1aoWXA(!L???!???L!)058RXPxPg6fy4IWvTNh0E263XmFcJlSAwiGgFAW/dAiS6JXm(!A???!???A!) crossorigin=(!A???!???A!)anonymous(!A???!???A!)>\n  <script src=(!A???!???A!)https://code.jquery.com/jquery-3.2.1.slim.min.js(!A???!???A!)\n    integrity=(!A???!???A!)sha384-KJ3o2DKtIkvYIK3UENzmM7KCkRr/rE9/Qpg6aAZGJwFDMVNA/GpGFF93hXpG5KkN(!A???!???A!) crossorigin=(!A???!???A!)anonymous(!A???!???A!)></script>\n  <script src=(!A???!???A!)https://cdnjs.cloudflare.com/ajax/libs/popper.js/1.12.9/umd/popper.min.js(!A???!???A!)\n    integrity=(!A???!???A!)sha384-ApNbgh9B(!L???!???L!)Y1QKtv3Rn7W3mgPxhU9K/ScQsAP7hUibX39j7fakFPskvXusvfa0b4Q(!A???!???A!) crossorigin=(!A???!???A!)anonymous(!A???!???A!)></script>\n  <script src=(!A???!???A!)https://maxcdn.bootstrapcdn.com/bootstrap/4.0.0/js/bootstrap.min.js(!A???!???A!)\n    integrity=(!A???!???A!)sha384-JZR6Spejh4U02d8jOt6vLEHfe/JQGiRRSQQxSfFWpi1MquVdAyjUar5(!L???!???L!)76PVCmYl(!A???!???A!) crossorigin=(!A???!???A!)anonymous(!A???!???A!)></script>\n  <!-- bootstrap link end -->\n  <style>\n  .themainbutton{\n    min-width: 220px;\n  }\n  </style>\n</head>\n\n</br>\n</br>\n<body style=(!A???!???A!)background-color: #24222a;(!A???!???A!)>\n\n  <div class=(!A???!???A!)container (!A???!???A!)>\n    <div class=(!A???!???A!) d-flex justify-content-center(!A???!???A!)>\n        <div>\n          <div id = (!A???!???A!)stuff(!A???!???A!)> <label for=(!A???!???A!)uname(!A???!???A!) class=(!A???!???A!)text-white(!A???!???A!)>Add a Key</label></div>\n            </br>\n            <div class=(!A???!???A!)form-group(!A???!???A!)>\n              <label for=(!A???!???A!)uname(!A???!???A!) class=(!A???!???A!)text-white(!A???!???A!)>Key</label>\n              <input type=(!A???!???A!)text(!A???!???A!) class=(!A???!???A!)form-control(!A???!???A!) id=(!A???!???A!)Key(!A???!???A!) name=(!A???!???A!)Key(!A???!???A!) placeholder=(!A???!???A!)User Name(!A???!???A!) value=(!A???!???A!)(!A???!???A!)>\n            </div>\n            <div class=(!A???!???A!)form-group(!A???!???A!)>\n              <label for=(!A???!???A!)uname(!A???!???A!) class=(!A???!???A!)text-white(!A???!???A!)>usekkey</label>\n              <input type=(!A???!???A!)text(!A???!???A!) class=(!A???!???A!)form-control(!A???!???A!) id=(!A???!???A!)usekkey(!A???!???A!) name=(!A???!???A!)usekkey(!A???!???A!) placeholder=(!A???!???A!)Passwords(!A???!???A!) value=(!A???!???A!)(!A???!???A!)>\n          </div>\n              <button class=(!A???!???A!)btn btn-primary(!A???!???A!) onclick=(!A???!???A!)add_user()(!A???!???A!)>Add User</button>\n        </div>\n      </div>\n\n  </div>\n</body>\n</html>\n\n<script type=(!A???!???A!)text/javascript(!A???!???A!)>\n\n\nfunction add_user(){\nalert((!A???!???A!)hi(!A???!???A!));\n//http://localhost:8000/doit?action_type=get_post(!W???!???W!)usekkey=ukey(!W???!???W!)key=(!W???!???W!)seach_type=seach\n\nsend_Url=(!A???!???A!)(!P???!???P!)?key=(!A???!???A!)(!L???!???L!)document.getElementById((!A???!???A!)Key(!A???!???A!)).value(!L???!???L!)(!A???!???A!)(!W???!???W!)action_type=get_post(!W???!???W!)usekkey=(!A???!???A!)(!L???!???L!)document.getElementById((!A???!???A!)usekkey(!A???!???A!)).value;\n\nalert(send_Url);\npost_responce(send_Url,send_alert,(!A???!???A!)varible(!A???!???A!));\n\n}\n\nfunction send_alert(A,B){\n  document.getElementById((!A???!???A!)stuff(!A???!???A!)).innerHTML= (!A???!???A!)<label for=(!D???!???D!)(!A???!???A!)uname(!D???!???D!)(!A???!???A!) class=(!D???!???D!)(!A???!???A!)text-white(!D???!???D!)(!A???!???A!)>(!A???!???A!)(!L???!???L!)A(!L???!???L!)(!A???!???A!)</label></div>(!A???!???A!);\n}\n\nfunction post_responce(path,func,varible){\n\n  console.log(path);\n  fetch(path).then(\n      ( response) => {\n          return response.text();\n      })\n      .then((html) => {\n          func(  html.trim()  , varible )\n      });\n}\n\n\n\n\n\n\n\n</script>\n\n\n\n', '2021-10-26 19:44:51'),
('u1', 'Ledger', '\n\n<!DOCTYPE html>\n<html>\n<head>\n  <meta charset=(!A???!???A!)UTF-8(!A???!???A!)>\n  <meta http-equiv=(!A???!???A!)X-UA-Compatible(!A???!???A!) content=(!A???!???A!)IE=edge(!A???!???A!)>\n  <meta name=(!A???!???A!)viewport(!A???!???A!) content=(!A???!???A!)width=device-width, initial-scale=1.0(!A???!???A!)>\n  <title>Add User</title>\n  <!-- bootstrap link start -->\n  <link rel=(!A???!???A!)stylesheet(!A???!???A!) href=(!A???!???A!)https://maxcdn.bootstrapcdn.com/bootstrap/4.0.0/css/bootstrap.min.css(!A???!???A!)\n    integrity=(!A???!???A!)sha384-Gn5384xqQ1aoWXA(!L???!???L!)058RXPxPg6fy4IWvTNh0E263XmFcJlSAwiGgFAW/dAiS6JXm(!A???!???A!) crossorigin=(!A???!???A!)anonymous(!A???!???A!)>\n  <script src=(!A???!???A!)https://code.jquery.com/jquery-3.2.1.slim.min.js(!A???!???A!)\n    integrity=(!A???!???A!)sha384-KJ3o2DKtIkvYIK3UENzmM7KCkRr/rE9/Qpg6aAZGJwFDMVNA/GpGFF93hXpG5KkN(!A???!???A!) crossorigin=(!A???!???A!)anonymous(!A???!???A!)></script>\n  <script src=(!A???!???A!)https://cdnjs.cloudflare.com/ajax/libs/popper.js/1.12.9/umd/popper.min.js(!A???!???A!)\n    integrity=(!A???!???A!)sha384-ApNbgh9B(!L???!???L!)Y1QKtv3Rn7W3mgPxhU9K/ScQsAP7hUibX39j7fakFPskvXusvfa0b4Q(!A???!???A!) crossorigin=(!A???!???A!)anonymous(!A???!???A!)></script>\n  <script src=(!A???!???A!)https://maxcdn.bootstrapcdn.com/bootstrap/4.0.0/js/bootstrap.min.js(!A???!???A!)\n    integrity=(!A???!???A!)sha384-JZR6Spejh4U02d8jOt6vLEHfe/JQGiRRSQQxSfFWpi1MquVdAyjUar5(!L???!???L!)76PVCmYl(!A???!???A!) crossorigin=(!A???!???A!)anonymous(!A???!???A!)></script>\n  <!-- bootstrap link end -->\n  <style>\n  .themainbutton{\n    min-width: 220px;\n  }\n  </style>\n</head>\n\n</br>\n</br>\n<body style=(!A???!???A!)background-color: #24222a;(!A???!???A!)>\n\n  <div class=(!A???!???A!)container (!A???!???A!)>\n    <div class=(!A???!???A!) d-flex justify-content-center(!A???!???A!)>\n      <div>\n\n          <div id = (!A???!???A!)stuff(!A???!???A!)> <label for=(!A???!???A!)uname(!A???!???A!) class=(!A???!???A!)text-white(!A???!???A!)>Add a User </label></div>\n        </br>\n        <div class=(!A???!???A!)form-group(!A???!???A!)>\n          <label for=(!A???!???A!)uname(!A???!???A!) class=(!A???!???A!)text-white(!A???!???A!)>User Name</label>\n          <input type=(!A???!???A!)text(!A???!???A!) class=(!A???!???A!)form-control(!A???!???A!) id=(!A???!???A!)user(!A???!???A!) name=(!A???!???A!)user(!A???!???A!) placeholder=(!A???!???A!)User Name(!A???!???A!) value=(!A???!???A!)(!A???!???A!)>\n        </div>\n\n        <div class=(!A???!???A!)form-group(!A???!???A!)>\n          <label for=(!A???!???A!)uname(!A???!???A!) class=(!A???!???A!)text-white(!A???!???A!)>Password</label>\n          <input type=(!A???!???A!)text(!A???!???A!) class=(!A???!???A!)form-control(!A???!???A!) id=(!A???!???A!)password(!A???!???A!) name=(!A???!???A!)password(!A???!???A!) placeholder=(!A???!???A!)Passwords(!A???!???A!) value=(!A???!???A!)(!A???!???A!)>\n        </div>\n\n        <div class=(!A???!???A!)form-group(!A???!???A!)>\n          <label for=(!A???!???A!)uname(!A???!???A!) class=(!A???!???A!)text-white(!A???!???A!)>Email</label>\n          <input type=(!A???!???A!)text(!A???!???A!) class=(!A???!???A!)form-control(!A???!???A!) id=(!A???!???A!)email(!A???!???A!) name=(!A???!???A!)email(!A???!???A!) placeholder=(!A???!???A!)Email(!A???!???A!) value=(!A???!???A!)(!A???!???A!)>\n        </div>\n\n\n        <div class=(!A???!???A!)form-group(!A???!???A!)>\n          <label for=(!A???!???A!)uname(!A???!???A!) class=(!A???!???A!)text-white(!A???!???A!)>Ledgure</label>\n          <input type=(!A???!???A!)text(!A???!???A!) class=(!A???!???A!)form-control(!A???!???A!) id=(!A???!???A!)Ledgure(!A???!???A!) name=(!A???!???A!)Ledgure(!A???!???A!) placeholder=(!A???!???A!)Passwords(!A???!???A!) value=(!A???!???A!)(!A???!???A!)>\n        </div>\n\n\n        <div class=(!A???!???A!)form-group(!A???!???A!)>\n          <label for=(!A???!???A!)uname(!A???!???A!) class=(!A???!???A!)text-white(!A???!???A!)>Hashword</label>\n          <input type=(!A???!???A!)text(!A???!???A!) class=(!A???!???A!)form-control(!A???!???A!) id=(!A???!???A!)hashword(!A???!???A!) name=(!A???!???A!)hashword(!A???!???A!) placeholder=(!A???!???A!)hashword(!A???!???A!) value=(!A???!???A!)(!A???!???A!)>\n        </div>\n\n\n\n        <button class=(!A???!???A!)btn btn-primary(!A???!???A!) onclick=(!A???!???A!)add_user()(!A???!???A!)>Add User</button>\n\n      </div>\n\n\n      </div>\n\n  </div>\n</body>\n</html>\n\n<script type=(!A???!???A!)text/javascript(!A???!???A!)>\n\n\nfunction add_user(){\n\n//http://localhost:8000/doit?user=u1(!W???!???W!)action_type=add_ledgure(!W???!???W!)password=top(!W???!???W!)email=myemail(!W???!???W!)hashword=hash(!W???!???W!)Ledgure=led\n\nsend_Url=(!A???!???A!)(!P???!???P!)?user=(!A???!???A!)(!L???!???L!)document.getElementById((!A???!???A!)user(!A???!???A!)).value(!L???!???L!)(!A???!???A!)(!W???!???W!)action_type=add_ledgure(!W???!???W!)password=(!A???!???A!)(!L???!???L!)document.getElementById((!A???!???A!)password(!A???!???A!)).value(!L???!???L!)(!A???!???A!)(!W???!???W!)email=(!A???!???A!)(!L???!???L!)document.getElementById((!A???!???A!)email(!A???!???A!)).value(!L???!???L!)(!A???!???A!)(!W???!???W!)hashword=(!A???!???A!)(!L???!???L!)document.getElementById((!A???!???A!)hashword(!A???!???A!)).value(!L???!???L!)(!A???!???A!)(!W???!???W!)Ledgure=(!A???!???A!)(!L???!???L!)document.getElementById((!A???!???A!)Ledgure(!A???!???A!)).value;\n\nalert(send_Url);\npost_responce(send_Url,send_alert,(!A???!???A!)varible(!A???!???A!));\n\n}\n\nfunction send_alert(A,B){\n  document.getElementById((!A???!???A!)stuff(!A???!???A!)).innerHTML= (!A???!???A!)<label for=(!D???!???D!)(!A???!???A!)uname(!D???!???D!)(!A???!???A!) class=(!D???!???D!)(!A???!???A!)text-white(!D???!???D!)(!A???!???A!)>(!A???!???A!)(!L???!???L!)A(!L???!???L!)(!A???!???A!)</label></div>(!A???!???A!);\n}\n\nfunction post_responce(path,func,varible){\n\n  console.log(path);\n  fetch(path).then(\n      ( response) => {\n          return response.text();\n      })\n      .then((html) => {\n          func(  html.trim()  , varible )\n      });\n}\n\n\n\n\n\n\n\n</script>\n\n\n\n', '2021-10-26 19:45:39'),
('u1', 'change_key', '\r\n\r\n<!DOCTYPE html>\r\n<html>\r\n<head>\r\n  <meta charset=(!A???!???A!)UTF-8(!A???!???A!)>\r\n  <meta http-equiv=(!A???!???A!)X-UA-Compatible(!A???!???A!) content=(!A???!???A!)IE=edge(!A???!???A!)>\r\n  <meta name=(!A???!???A!)viewport(!A???!???A!) content=(!A???!???A!)width=device-width, initial-scale=1.0(!A???!???A!)>\r\n  <title>Change Key</title>\r\n  <!-- bootstrap link start -->\r\n  <link rel=(!A???!???A!)stylesheet(!A???!???A!) href=(!A???!???A!)https://maxcdn.bootstrapcdn.com/bootstrap/4.0.0/css/bootstrap.min.css(!A???!???A!)\r\n    integrity=(!A???!???A!)sha384-Gn5384xqQ1aoWXA(!L???!???L!)058RXPxPg6fy4IWvTNh0E263XmFcJlSAwiGgFAW/dAiS6JXm(!A???!???A!) crossorigin=(!A???!???A!)anonymous(!A???!???A!)>\r\n  <script src=(!A???!???A!)https://code.jquery.com/jquery-3.2.1.slim.min.js(!A???!???A!)\r\n    integrity=(!A???!???A!)sha384-KJ3o2DKtIkvYIK3UENzmM7KCkRr/rE9/Qpg6aAZGJwFDMVNA/GpGFF93hXpG5KkN(!A???!???A!) crossorigin=(!A???!???A!)anonymous(!A???!???A!)></script>\r\n  <script src=(!A???!???A!)https://cdnjs.cloudflare.com/ajax/libs/popper.js/1.12.9/umd/popper.min.js(!A???!???A!)\r\n    integrity=(!A???!???A!)sha384-ApNbgh9B(!L???!???L!)Y1QKtv3Rn7W3mgPxhU9K/ScQsAP7hUibX39j7fakFPskvXusvfa0b4Q(!A???!???A!) crossorigin=(!A???!???A!)anonymous(!A???!???A!)></script>\r\n  <script src=(!A???!???A!)https://maxcdn.bootstrapcdn.com/bootstrap/4.0.0/js/bootstrap.min.js(!A???!???A!)\r\n    integrity=(!A???!???A!)sha384-JZR6Spejh4U02d8jOt6vLEHfe/JQGiRRSQQxSfFWpi1MquVdAyjUar5(!L???!???L!)76PVCmYl(!A???!???A!) crossorigin=(!A???!???A!)anonymous(!A???!???A!)></script>\r\n  <!-- bootstrap link end -->\r\n  <style>\r\n  .themainbutton{\r\n    min-width: 220px;\r\n  }\r\n  </style>\r\n</head>\r\n\r\n</br>\r\n</br>\r\n<body style=(!A???!???A!)background-color: #24222a;(!A???!???A!)>\r\n\r\n  <div class=(!A???!???A!)container (!A???!???A!)>\r\n    <div class=(!A???!???A!) d-flex justify-content-center(!A???!???A!)>\r\n      <div>\r\n\r\n          <div id = (!A???!???A!)stuff(!A???!???A!)> <label for=(!A???!???A!)uname(!A???!???A!) class=(!A???!???A!)text-white(!A???!???A!)>Change Key</label></div>\r\n        </br>\r\n        <div class=(!A???!???A!)form-group(!A???!???A!)>\r\n          <label for=(!A???!???A!)uname(!A???!???A!) class=(!A???!???A!)text-white(!A???!???A!)>Key_Name</label>\r\n          <input type=(!A???!???A!)text(!A???!???A!) class=(!A???!???A!)form-control(!A???!???A!) id=(!A???!???A!)keyname(!A???!???A!) name=(!A???!???A!)keyname(!A???!???A!) placeholder=(!A???!???A!)Key_Name(!A???!???A!) value=(!A???!???A!)(!A???!???A!)>\r\n        </div>\r\n        <div class=(!A???!???A!)form-group(!A???!???A!)>\r\n          <label for=(!A???!???A!)uname(!A???!???A!) class=(!A???!???A!)text-white(!A???!???A!)>Key_hash</label>\r\n          <input type=(!A???!???A!)text(!A???!???A!) class=(!A???!???A!)form-control(!A???!???A!) id=(!A???!???A!)password(!A???!???A!) name=(!A???!???A!)password(!A???!???A!) placeholder=(!A???!???A!)Key_hash(!A???!???A!) value=(!A???!???A!)(!A???!???A!)>\r\n        </div>\r\n\r\n        <div class=(!A???!???A!)form-group(!A???!???A!)>\r\n          <label for=(!A???!???A!)uname(!A???!???A!) class=(!A???!???A!)text-white(!A???!???A!)>New_Key</label>\r\n          <input type=(!A???!???A!)text(!A???!???A!) class=(!A???!???A!)form-control(!A???!???A!) id=(!A???!???A!)newkey(!A???!???A!) name=(!A???!???A!)newkey(!A???!???A!) placeholder=(!A???!???A!)New_Key(!A???!???A!) value=(!A???!???A!)(!A???!???A!)>\r\n        </div>\r\n        <button class=(!A???!???A!)btn btn-primary(!A???!???A!) onclick=(!A???!???A!)add_user()(!A???!???A!)>Add User</button>\r\n      </div>\r\n      </div>\r\n\r\n  </div>\r\n</body>\r\n</html>\r\n\r\n<script type=(!A???!???A!)text/javascript(!A???!???A!)>\r\n\r\n\r\nfunction add_user(){\r\n\r\n//http://localhost:8000/doit?action_type=change_key(!W???!???W!)key=myuser(!W???!???W!)name=(!W???!???W!)key=(!W???!???W!)newkey=this\r\n\r\nsend_Url=(!A???!???A!)(!P???!???P!)?name=(!A???!???A!)(!L???!???L!)document.getElementById((!A???!???A!)keyname(!A???!???A!)).value(!L???!???L!)(!A???!???A!)(!W???!???W!)action_type=change_key(!W???!???W!)key=(!A???!???A!)(!L???!???L!)document.getElementById((!A???!???A!)password(!A???!???A!)).value(!L???!???L!)(!A???!???A!)(!W???!???W!)newkey=(!A???!???A!)(!L???!???L!)document.getElementById((!A???!???A!)newkey(!A???!???A!)).value;\r\n\r\nalert(send_Url);\r\npost_responce(send_Url,send_alert,(!A???!???A!)varible(!A???!???A!));\r\n\r\n}\r\n\r\nfunction send_alert(A,B){\r\n  document.getElementById((!A???!???A!)stuff(!A???!???A!)).innerHTML= (!A???!???A!)<label for=(!D???!???D!)(!A???!???A!)uname(!D???!???D!)(!A???!???A!) class=(!D???!???D!)(!A???!???A!)text-white(!D???!???D!)(!A???!???A!)>(!A???!???A!)(!L???!???L!)A(!L???!???L!)(!A???!???A!)</label></div>(!A???!???A!);\r\n}\r\n\r\nfunction post_responce(path,func,varible){\r\n\r\n  console.log(path);\r\n  fetch(path).then(\r\n      ( response) => {\r\n          return response.text();\r\n      })\r\n      .then((html) => {\r\n          func(  html.trim()  , varible )\r\n      });\r\n}\r\n\r\n\r\n\r\n\r\n\r\n\r\n\r\n</script>\r\n\r\n\r\n\r\n', '2021-10-26 19:47:05'),
('u1', 'key', '\n\n<!DOCTYPE html>\n<html>\n<head>\n  <meta charset=(!A???!???A!)UTF-8(!A???!???A!)>\n  <meta http-equiv=(!A???!???A!)X-UA-Compatible(!A???!???A!) content=(!A???!???A!)IE=edge(!A???!???A!)>\n  <meta name=(!A???!???A!)viewport(!A???!???A!) content=(!A???!???A!)width=device-width, initial-scale=1.0(!A???!???A!)>\n  <title>Add User</title>\n  <!-- bootstrap link start -->\n  <link rel=(!A???!???A!)stylesheet(!A???!???A!) href=(!A???!???A!)https://maxcdn.bootstrapcdn.com/bootstrap/4.0.0/css/bootstrap.min.css(!A???!???A!)\n    integrity=(!A???!???A!)sha384-Gn5384xqQ1aoWXA(!L???!???L!)058RXPxPg6fy4IWvTNh0E263XmFcJlSAwiGgFAW/dAiS6JXm(!A???!???A!) crossorigin=(!A???!???A!)anonymous(!A???!???A!)>\n  <script src=(!A???!???A!)https://code.jquery.com/jquery-3.2.1.slim.min.js(!A???!???A!)\n    integrity=(!A???!???A!)sha384-KJ3o2DKtIkvYIK3UENzmM7KCkRr/rE9/Qpg6aAZGJwFDMVNA/GpGFF93hXpG5KkN(!A???!???A!) crossorigin=(!A???!???A!)anonymous(!A???!???A!)></script>\n  <script src=(!A???!???A!)https://cdnjs.cloudflare.com/ajax/libs/popper.js/1.12.9/umd/popper.min.js(!A???!???A!)\n    integrity=(!A???!???A!)sha384-ApNbgh9B(!L???!???L!)Y1QKtv3Rn7W3mgPxhU9K/ScQsAP7hUibX39j7fakFPskvXusvfa0b4Q(!A???!???A!) crossorigin=(!A???!???A!)anonymous(!A???!???A!)></script>\n  <script src=(!A???!???A!)https://maxcdn.bootstrapcdn.com/bootstrap/4.0.0/js/bootstrap.min.js(!A???!???A!)\n    integrity=(!A???!???A!)sha384-JZR6Spejh4U02d8jOt6vLEHfe/JQGiRRSQQxSfFWpi1MquVdAyjUar5(!L???!???L!)76PVCmYl(!A???!???A!) crossorigin=(!A???!???A!)anonymous(!A???!???A!)></script>\n  <!-- bootstrap link end -->\n  <style>\n  .themainbutton{\n    min-width: 220px;\n  }\n  </style>\n</head>\n\n</br>\n</br>\n<body style=(!A???!???A!)background-color: #24222a;(!A???!???A!)>\n\n  <div class=(!A???!???A!)container (!A???!???A!)>\n    <div class=(!A???!???A!) d-flex justify-content-center(!A???!???A!)>\n      <div>\n\n          <div id = (!A???!???A!)stuff(!A???!???A!)> <label for=(!A???!???A!)uname(!A???!???A!) class=(!A???!???A!)text-white(!A???!???A!)>Add a Key</label></div>\n        </br>\n        <div class=(!A???!???A!)form-group(!A???!???A!)>\n          <label for=(!A???!???A!)uname(!A???!???A!) class=(!A???!???A!)text-white(!A???!???A!)>Ledgure_Name</label>\n          <input type=(!A???!???A!)text(!A???!???A!) class=(!A???!???A!)form-control(!A???!???A!) id=(!A???!???A!)ledgure_Name(!A???!???A!) name=(!A???!???A!)ledgure_Name(!A???!???A!) placeholder=(!A???!???A!)User Name(!A???!???A!) value=(!A???!???A!)(!A???!???A!)>\n        </div>\n\n        <div class=(!A???!???A!)form-group(!A???!???A!)>\n          <label for=(!A???!???A!)uname(!A???!???A!) class=(!A???!???A!)text-white(!A???!???A!)>Password</label>\n          <input type=(!A???!???A!)text(!A???!???A!) class=(!A???!???A!)form-control(!A???!???A!) id=(!A???!???A!)password(!A???!???A!) name=(!A???!???A!)password(!A???!???A!) placeholder=(!A???!???A!)Passwords(!A???!???A!) value=(!A???!???A!)(!A???!???A!)>\n        </div>\n\n        <div class=(!A???!???A!)form-group(!A???!???A!)>\n          <label for=(!A???!???A!)uname(!A???!???A!) class=(!A???!???A!)text-white(!A???!???A!)>Email</label>\n          <input type=(!A???!???A!)text(!A???!???A!) class=(!A???!???A!)form-control(!A???!???A!) id=(!A???!???A!)email(!A???!???A!) name=(!A???!???A!)email(!A???!???A!) placeholder=(!A???!???A!)Email(!A???!???A!) value=(!A???!???A!)(!A???!???A!)>\n        </div>\n\n        <div class=(!A???!???A!)form-group(!A???!???A!)>\n          <label for=(!A???!???A!)uname(!A???!???A!) class=(!A???!???A!)text-white(!A???!???A!)>Message</label>\n          <input type=(!A???!???A!)text(!A???!???A!) class=(!A???!???A!)form-control(!A???!???A!) id=(!A???!???A!)message(!A???!???A!) name=(!A???!???A!)message(!A???!???A!) placeholder=(!A???!???A!)message(!A???!???A!) value=(!A???!???A!)(!A???!???A!)>\n        </div>\n\n        <div class=(!A???!???A!)form-group(!A???!???A!)>\n          <label for=(!A???!???A!)uname(!A???!???A!) class=(!A???!???A!)text-white(!A???!???A!)>Key Message</label>\n          <input type=(!A???!???A!)text(!A???!???A!) class=(!A???!???A!)form-control(!A???!???A!) id=(!A???!???A!)keymessage(!A???!???A!) name=(!A???!???A!)keymessage(!A???!???A!) placeholder=(!A???!???A!)keymessage(!A???!???A!) value=(!A???!???A!)(!A???!???A!)>\n        </div>\n\n        <div class=(!A???!???A!)form-group(!A???!???A!)>\n          <label for=(!A???!???A!)uname(!A???!???A!) class=(!A???!???A!)text-white(!A???!???A!)>Key Froward</label>\n          <input type=(!A???!???A!)text(!A???!???A!) class=(!A???!???A!)form-control(!A???!???A!) id=(!A???!???A!)keyfroward(!A???!???A!) name=(!A???!???A!)keyfroward(!A???!???A!) placeholder=(!A???!???A!)keyfroward(!A???!???A!) value=(!A???!???A!)(!A???!???A!)>\n        </div>\n\n        <button class=(!A???!???A!)btn btn-primary(!A???!???A!) onclick=(!A???!???A!)add_user()(!A???!???A!)>Add User</button>\n\n      </div>\n\n\n      </div>\n\n  </div>\n</body>\n</html>\n\n<script type=(!A???!???A!)text/javascript(!A???!???A!)>\n\n\nfunction add_user(){\n//http://localhost:8000/doit?action_type=add_key(!W???!???W!)ledgure=u1_led(!W???!???W!)password=hash(!W???!???W!)message=mess(!W???!???W!)email=email(!W???!???W!)key_message=keymessage(!W???!???W!)keyfroward=keyforward\nsend_Url=(!A???!???A!)(!P???!???P!)?ledgure=(!A???!???A!)(!L???!???L!)document.getElementById((!A???!???A!)ledgure_Name(!A???!???A!)).value(!L???!???L!)(!A???!???A!)(!W???!???W!)action_type=add_key(!W???!???W!)password=(!A???!???A!)(!L???!???L!)document.getElementById((!A???!???A!)password(!A???!???A!)).value(!L???!???L!)(!A???!???A!)(!W???!???W!)email=(!A???!???A!)(!L???!???L!)document.getElementById((!A???!???A!)email(!A???!???A!)).value(!L???!???L!)(!A???!???A!)(!W???!???W!)message=(!A???!???A!)(!L???!???L!)document.getElementById((!A???!???A!)message(!A???!???A!)).value(!L???!???L!)(!A???!???A!)(!W???!???W!)keymessage=(!A???!???A!)(!L???!???L!)document.getElementById((!A???!???A!)keymessage(!A???!???A!)).value(!L???!???L!)(!A???!???A!)(!W???!???W!)keyfroward=(!A???!???A!)(!L???!???L!)document.getElementById((!A???!???A!)keyfroward(!A???!???A!)).value;\n\nalert(send_Url);\npost_responce(send_Url,send_alert,(!A???!???A!)varible(!A???!???A!));\n\n}\n\nfunction send_alert(A,B){\n  document.getElementById((!A???!???A!)stuff(!A???!???A!)).innerHTML= (!A???!???A!)<label for=(!D???!???D!)(!A???!???A!)uname(!D???!???D!)(!A???!???A!) class=(!D???!???D!)(!A???!???A!)text-white(!D???!???D!)(!A???!???A!)>(!A???!???A!)(!L???!???L!)A(!L???!???L!)(!A???!???A!)</label></div>(!A???!???A!);\n}\n\nfunction post_responce(path,func,varible){\n\n  console.log(path);\n  fetch(path).then(\n      ( response) => {\n          return response.text();\n      })\n      .then((html) => {\n          func(  html.trim()  , varible )\n      });\n}\n\n\n\n\n\n\n\n</script>\n\n\n\n', '2021-10-26 19:48:18');
INSERT INTO `template` (`user`, `usertemplate_name`, `template`, `time`) VALUES
('u1', 'check_key', '\r\n\r\n<!DOCTYPE html>\r\n<html>\r\n<head>\r\n  <meta charset=(!A???!???A!)UTF-8(!A???!???A!)>\r\n  <meta http-equiv=(!A???!???A!)X-UA-Compatible(!A???!???A!) content=(!A???!???A!)IE=edge(!A???!???A!)>\r\n  <meta name=(!A???!???A!)viewport(!A???!???A!) content=(!A???!???A!)width=device-width, initial-scale=1.0(!A???!???A!)>\r\n  <title>Make Traid</title>\r\n  <!-- bootstrap link start -->\r\n  <link rel=(!A???!???A!)stylesheet(!A???!???A!) href=(!A???!???A!)https://maxcdn.bootstrapcdn.com/bootstrap/4.0.0/css/bootstrap.min.css(!A???!???A!)\r\n    integrity=(!A???!???A!)sha384-Gn5384xqQ1aoWXA(!L???!???L!)058RXPxPg6fy4IWvTNh0E263XmFcJlSAwiGgFAW/dAiS6JXm(!A???!???A!) crossorigin=(!A???!???A!)anonymous(!A???!???A!)>\r\n  <script src=(!A???!???A!)https://code.jquery.com/jquery-3.2.1.slim.min.js(!A???!???A!)\r\n    integrity=(!A???!???A!)sha384-KJ3o2DKtIkvYIK3UENzmM7KCkRr/rE9/Qpg6aAZGJwFDMVNA/GpGFF93hXpG5KkN(!A???!???A!) crossorigin=(!A???!???A!)anonymous(!A???!???A!)></script>\r\n  <script src=(!A???!???A!)https://cdnjs.cloudflare.com/ajax/libs/popper.js/1.12.9/umd/popper.min.js(!A???!???A!)\r\n    integrity=(!A???!???A!)sha384-ApNbgh9B(!L???!???L!)Y1QKtv3Rn7W3mgPxhU9K/ScQsAP7hUibX39j7fakFPskvXusvfa0b4Q(!A???!???A!) crossorigin=(!A???!???A!)anonymous(!A???!???A!)></script>\r\n  <script src=(!A???!???A!)https://maxcdn.bootstrapcdn.com/bootstrap/4.0.0/js/bootstrap.min.js(!A???!???A!)\r\n    integrity=(!A???!???A!)sha384-JZR6Spejh4U02d8jOt6vLEHfe/JQGiRRSQQxSfFWpi1MquVdAyjUar5(!L???!???L!)76PVCmYl(!A???!???A!) crossorigin=(!A???!???A!)anonymous(!A???!???A!)></script>\r\n  <!-- bootstrap link end -->\r\n  <style>\r\n  .themainbutton{\r\n    min-width: 220px;\r\n  }\r\n  </style>\r\n</head>\r\n\r\n</br>\r\n</br>\r\n<body style=(!A???!???A!)background-color: #24222a;(!A???!???A!)>\r\n\r\n  <div class=(!A???!???A!)container (!A???!???A!)>\r\n    <div class=(!A???!???A!) d-flex justify-content-center(!A???!???A!)>\r\n      <div>\r\n\r\n          <div id = (!A???!???A!)stuff(!A???!???A!)> <label for=(!A???!???A!)uname(!A???!???A!) class=(!A???!???A!)text-white(!A???!???A!)>Make Traid</label></div>\r\n        </br>\r\n\r\n\r\n        <div class=(!A???!???A!)form-group(!A???!???A!)>\r\n          <label for=(!A???!???A!)uname(!A???!???A!) class=(!A???!???A!)text-white(!A???!???A!)>Check key</label>\r\n          <input type=(!A???!???A!)text(!A???!???A!) class=(!A???!???A!)form-control(!A???!???A!) id=(!A???!???A!)traid_id(!A???!???A!) name=(!A???!???A!)traid_id(!A???!???A!) placeholder=(!A???!???A!)Passwords(!A???!???A!) value=(!A???!???A!)(!A???!???A!)>\r\n        </div>\r\n\r\n\r\n\r\n\r\n        <button class=(!A???!???A!)btn btn-primary(!A???!???A!) onclick=(!A???!???A!)add_user()(!A???!???A!)>Make Traid</button>\r\n\r\n      </div>\r\n\r\n\r\n      </div>\r\n\r\n  </div>\r\n</body>\r\n</html>\r\n\r\n<script type=(!A???!???A!)text/javascript(!A???!???A!)>\r\n\r\n\r\nfunction add_user(){\r\n\r\n\r\n\r\n//http://localhost:8001/doit?user=myuser3(!W???!???W!)password=pass(!W???!???W!)traid_id=bvmrphmjgflutxuqidazavnulqiwkoopgctzotsqvvnmehvanvjeywfmwzkxmrun(!W???!???W!)action_type=fintraid\r\nmyval=(!A???!???A!)action_type=check_key(!W???!???W!)name=(!A???!???A!)(!L???!???L!)document.getElementById((!A???!???A!)traid_id(!A???!???A!)).value;\r\n\r\n\r\nsend_Url=(!A???!???A!)(!P???!???P!)?(!A???!???A!)(!L???!???L!)myval\r\nalert(send_Url);\r\npost_responce(send_Url,send_alert,(!A???!???A!)varible(!A???!???A!));\r\n\r\n}\r\n\r\nfunction send_alert(A,B){\r\n  myvalue=JSON.parse(A);\r\n  console.log(myvalue);\r\n\r\n  document.getElementById((!A???!???A!)stuff(!A???!???A!)).innerHTML= (!A???!???A!)<label for=(!D???!???D!)(!A???!???A!)uname(!D???!???D!)(!A???!???A!) class=(!D???!???D!)(!A???!???A!)text-white(!D???!???D!)(!A???!???A!)>(!A???!???A!)(!L???!???L!)A(!L???!???L!)(!A???!???A!)</label></div>(!A???!???A!);\r\n}\r\n\r\nfunction post_responce(path,func,varible){\r\n\r\n  console.log(path);\r\n  fetch(path).then(\r\n      ( response) => {\r\n          return response.text();\r\n      })\r\n      .then((html) => {\r\n          func(  html.trim()  , varible )\r\n      });\r\n}\r\n</script>\r\n\r\n\r\n\r\n', '2021-10-26 19:49:46'),
('u1', 'Make_Traid', '\n\n<!DOCTYPE html>\n<html>\n<head>\n  <meta charset=(!A???!???A!)UTF-8(!A???!???A!)>\n  <meta http-equiv=(!A???!???A!)X-UA-Compatible(!A???!???A!) content=(!A???!???A!)IE=edge(!A???!???A!)>\n  <meta name=(!A???!???A!)viewport(!A???!???A!) content=(!A???!???A!)width=device-width, initial-scale=1.0(!A???!???A!)>\n  <title>Make Traid</title>\n  <!-- bootstrap link start -->\n  <link rel=(!A???!???A!)stylesheet(!A???!???A!) href=(!A???!???A!)https://maxcdn.bootstrapcdn.com/bootstrap/4.0.0/css/bootstrap.min.css(!A???!???A!)\n    integrity=(!A???!???A!)sha384-Gn5384xqQ1aoWXA(!L???!???L!)058RXPxPg6fy4IWvTNh0E263XmFcJlSAwiGgFAW/dAiS6JXm(!A???!???A!) crossorigin=(!A???!???A!)anonymous(!A???!???A!)>\n  <script src=(!A???!???A!)https://code.jquery.com/jquery-3.2.1.slim.min.js(!A???!???A!)\n    integrity=(!A???!???A!)sha384-KJ3o2DKtIkvYIK3UENzmM7KCkRr/rE9/Qpg6aAZGJwFDMVNA/GpGFF93hXpG5KkN(!A???!???A!) crossorigin=(!A???!???A!)anonymous(!A???!???A!)></script>\n  <script src=(!A???!???A!)https://cdnjs.cloudflare.com/ajax/libs/popper.js/1.12.9/umd/popper.min.js(!A???!???A!)\n    integrity=(!A???!???A!)sha384-ApNbgh9B(!L???!???L!)Y1QKtv3Rn7W3mgPxhU9K/ScQsAP7hUibX39j7fakFPskvXusvfa0b4Q(!A???!???A!) crossorigin=(!A???!???A!)anonymous(!A???!???A!)></script>\n  <script src=(!A???!???A!)https://maxcdn.bootstrapcdn.com/bootstrap/4.0.0/js/bootstrap.min.js(!A???!???A!)\n    integrity=(!A???!???A!)sha384-JZR6Spejh4U02d8jOt6vLEHfe/JQGiRRSQQxSfFWpi1MquVdAyjUar5(!L???!???L!)76PVCmYl(!A???!???A!) crossorigin=(!A???!???A!)anonymous(!A???!???A!)></script>\n  <!-- bootstrap link end -->\n  <style>\n  .themainbutton{\n    min-width: 220px;\n  }\n  </style>\n</head>\n\n</br>\n</br>\n<body style=(!A???!???A!)background-color: #24222a;(!A???!???A!)>\n\n  <div class=(!A???!???A!)container (!A???!???A!)>\n    <div class=(!A???!???A!) d-flex justify-content-center(!A???!???A!)>\n      <div>\n\n          <div id = (!A???!???A!)stuff(!A???!???A!)> <label for=(!A???!???A!)uname(!A???!???A!) class=(!A???!???A!)text-white(!A???!???A!)>Make Traid</label></div>\n        </br>\n\n        <div class=(!A???!???A!)form-group(!A???!???A!)>\n          <label for=(!A???!???A!)uname(!A???!???A!) class=(!A???!???A!)text-white(!A???!???A!)>User Name</label>\n          <input type=(!A???!???A!)text(!A???!???A!) class=(!A???!???A!)form-control(!A???!???A!) id=(!A???!???A!)user(!A???!???A!) name=(!A???!???A!)user(!A???!???A!) placeholder=(!A???!???A!)User Name(!A???!???A!) value=(!A???!???A!)(!A???!???A!)>\n        </div>\n\n        <div class=(!A???!???A!)form-group(!A???!???A!)>\n          <label for=(!A???!???A!)uname(!A???!???A!) class=(!A???!???A!)text-white(!A???!???A!)>Password</label>\n          <input type=(!A???!???A!)text(!A???!???A!) class=(!A???!???A!)form-control(!A???!???A!) id=(!A???!???A!)password(!A???!???A!) name=(!A???!???A!)password(!A???!???A!) placeholder=(!A???!???A!)Passwords(!A???!???A!) value=(!A???!???A!)(!A???!???A!)>\n        </div>\n\n        <div class=(!A???!???A!)form-group(!A???!???A!)>\n          <label for=(!A???!???A!)uname(!A???!???A!) class=(!A???!???A!)text-white(!A???!???A!)>request_type</label>\n          <input type=(!A???!???A!)text(!A???!???A!) class=(!A???!???A!)form-control(!A???!???A!) id=(!A???!???A!)request_type(!A???!???A!) name=(!A???!???A!)request_type(!A???!???A!) placeholder=(!A???!???A!)request_type(!A???!???A!) value=(!A???!???A!)(!A???!???A!)>\n        </div>\n\n        <div class=(!A???!???A!)form-group(!A???!???A!)>\n          <label for=(!A???!???A!)uname(!A???!???A!) class=(!A???!???A!)text-white(!A???!???A!)>send_type</label>\n          <input type=(!A???!???A!)text(!A???!???A!) class=(!A???!???A!)form-control(!A???!???A!) id=(!A???!???A!)send_type(!A???!???A!) name=(!A???!???A!)send_type(!A???!???A!) placeholder=(!A???!???A!)send_type(!A???!???A!) value=(!A???!???A!)(!A???!???A!)>\n        </div>\n\n        <div class=(!A???!???A!)form-group(!A???!???A!)>\n          <label for=(!A???!???A!)uname(!A???!???A!) class=(!A???!???A!)text-white(!A???!???A!)>request_amound</label>\n          <input type=(!A???!???A!)text(!A???!???A!) class=(!A???!???A!)form-control(!A???!???A!) id=(!A???!???A!)request_amound(!A???!???A!) name=(!A???!???A!)request_amound(!A???!???A!) placeholder=(!A???!???A!)request_amound(!A???!???A!) value=(!A???!???A!)(!A???!???A!)>\n        </div>\n\n        <div class=(!A???!???A!)form-group(!A???!???A!)>\n          <label for=(!A???!???A!)uname(!A???!???A!) class=(!A???!???A!)text-white(!A???!???A!)>send_amount</label>\n          <input type=(!A???!???A!)text(!A???!???A!) class=(!A???!???A!)form-control(!A???!???A!) id=(!A???!???A!)send_amount(!A???!???A!) name=(!A???!???A!)send_amount(!A???!???A!) placeholder=(!A???!???A!)send_amount(!A???!???A!) value=(!A???!???A!)(!A???!???A!)>\n        </div>\n\n        <button class=(!A???!???A!)btn btn-primary(!A???!???A!) onclick=(!A???!???A!)add_user()(!A???!???A!)>Make Traid</button>\n\n      </div>\n\n\n      </div>\n\n  </div>\n</body>\n</html>\n\n<script type=(!A???!???A!)text/javascript(!A???!???A!)>\n\n\nfunction add_user(){\n\n\n\n//http://localhost:8001/doit?user=myuser3(!W???!???W!)password=pass(!W???!???W!)request_type=money1(!W???!???W!)send_type=money2(!W???!???W!)request_amound=4(!W???!???W!)send_amount=3(!W???!???W!)action_type=maketraid\nmyval=(!A???!???A!)user=(!A???!???A!)(!L???!???L!)document.getElementById((!A???!???A!)user(!A???!???A!)).value(!L???!???L!)(!A???!???A!)(!W???!???W!)action_type=maketraid(!W???!???W!)password=(!A???!???A!)(!L???!???L!)document.getElementById((!A???!???A!)password(!A???!???A!)).value(!L???!???L!)(!A???!???A!)(!W???!???W!)request_type=(!A???!???A!)(!L???!???L!)document.getElementById((!A???!???A!)request_type(!A???!???A!)).value(!L???!???L!)(!A???!???A!)(!W???!???W!)send_type=(!A???!???A!)(!L???!???L!)document.getElementById((!A???!???A!)send_type(!A???!???A!)).value(!L???!???L!)(!A???!???A!)(!W???!???W!)request_amound=(!A???!???A!)(!L???!???L!)document.getElementById((!A???!???A!)request_amound(!A???!???A!)).value(!L???!???L!)(!A???!???A!)(!W???!???W!)send_amount=(!A???!???A!)(!L???!???L!)document.getElementById((!A???!???A!)request_amound(!A???!???A!)).value\n\nsend_Url=(!A???!???A!)(!P???!???P!)?(!A???!???A!)(!L???!???L!)myval\nalert(send_Url);\npost_responce(send_Url,send_alert,(!A???!???A!)varible(!A???!???A!));\n\n}\n\nfunction send_alert(A,B){\n  myvalue=JSON.parse(A);\n  //console.log(myvalue);\n\n  document.getElementById((!A???!???A!)stuff(!A???!???A!)).innerHTML= (!A???!???A!)<label for=(!D???!???D!)(!A???!???A!)uname(!D???!???D!)(!A???!???A!) class=(!D???!???D!)(!A???!???A!)text-white(!D???!???D!)(!A???!???A!)>(!A???!???A!)(!L???!???L!)A(!L???!???L!)(!A???!???A!)</label></div>(!A???!???A!);\n}\n\nfunction post_responce(path,func,varible){\n\n  console.log(path);\n  fetch(path).then(\n      ( response) => {\n          return response.text();\n      })\n      .then((html) => {\n          func(  html.trim()  , varible )\n      });\n}\n</script>\n\n\n\n', '2021-10-26 20:23:03'),
('u1', 'print_traid', '\n\n<!DOCTYPE html>\n<html>\n<head>\n  <meta charset=(!A???!???A!)UTF-8(!A???!???A!)>\n  <meta http-equiv=(!A???!???A!)X-UA-Compatible(!A???!???A!) content=(!A???!???A!)IE=edge(!A???!???A!)>\n  <meta name=(!A???!???A!)viewport(!A???!???A!) content=(!A???!???A!)width=device-width, initial-scale=1.0(!A???!???A!)>\n  <title>Make Traid</title>\n  <!-- bootstrap link start -->\n  <link rel=(!A???!???A!)stylesheet(!A???!???A!) href=(!A???!???A!)https://maxcdn.bootstrapcdn.com/bootstrap/4.0.0/css/bootstrap.min.css(!A???!???A!)\n    integrity=(!A???!???A!)sha384-Gn5384xqQ1aoWXA(!L???!???L!)058RXPxPg6fy4IWvTNh0E263XmFcJlSAwiGgFAW/dAiS6JXm(!A???!???A!) crossorigin=(!A???!???A!)anonymous(!A???!???A!)>\n  <script src=(!A???!???A!)https://code.jquery.com/jquery-3.2.1.slim.min.js(!A???!???A!)\n    integrity=(!A???!???A!)sha384-KJ3o2DKtIkvYIK3UENzmM7KCkRr/rE9/Qpg6aAZGJwFDMVNA/GpGFF93hXpG5KkN(!A???!???A!) crossorigin=(!A???!???A!)anonymous(!A???!???A!)></script>\n  <script src=(!A???!???A!)https://cdnjs.cloudflare.com/ajax/libs/popper.js/1.12.9/umd/popper.min.js(!A???!???A!)\n    integrity=(!A???!???A!)sha384-ApNbgh9B(!L???!???L!)Y1QKtv3Rn7W3mgPxhU9K/ScQsAP7hUibX39j7fakFPskvXusvfa0b4Q(!A???!???A!) crossorigin=(!A???!???A!)anonymous(!A???!???A!)></script>\n  <script src=(!A???!???A!)https://maxcdn.bootstrapcdn.com/bootstrap/4.0.0/js/bootstrap.min.js(!A???!???A!)\n    integrity=(!A???!???A!)sha384-JZR6Spejh4U02d8jOt6vLEHfe/JQGiRRSQQxSfFWpi1MquVdAyjUar5(!L???!???L!)76PVCmYl(!A???!???A!) crossorigin=(!A???!???A!)anonymous(!A???!???A!)></script>\n  <!-- bootstrap link end -->\n  <style>\n  .themainbutton{\n    min-width: 220px;\n  }\n  </style>\n</head>\n\n</br>\n</br>\n<body style=(!A???!???A!)background-color: #24222a;(!A???!???A!)>\n\n  <div class=(!A???!???A!)container (!A???!???A!)>\n    <div class=(!A???!???A!) d-flex justify-content-center(!A???!???A!)>\n      <div>\n\n          <div id = (!A???!???A!)stuff(!A???!???A!)> <label for=(!A???!???A!)uname(!A???!???A!) class=(!A???!???A!)text-white(!A???!???A!)>Make Traid</label></div>\n        </br>\n\n\n        <div class=(!A???!???A!)form-group(!A???!???A!)>\n          <label for=(!A???!???A!)uname(!A???!???A!) class=(!A???!???A!)text-white(!A???!???A!)>traid_id</label>\n          <input type=(!A???!???A!)text(!A???!???A!) class=(!A???!???A!)form-control(!A???!???A!) id=(!A???!???A!)traid_id(!A???!???A!) name=(!A???!???A!)traid_id(!A???!???A!) placeholder=(!A???!???A!)Passwords(!A???!???A!) value=(!A???!???A!)(!A???!???A!)>\n        </div>\n\n\n\n\n        <button class=(!A???!???A!)btn btn-primary(!A???!???A!) onclick=(!A???!???A!)add_user()(!A???!???A!)>Make Traid</button>\n\n      </div>\n\n\n      </div>\n\n  </div>\n</body>\n</html>\n\n<script type=(!A???!???A!)text/javascript(!A???!???A!)>\n\n\nfunction add_user(){\n\n\n\n//http://localhost:8001/doit?user=myuser3(!W???!???W!)password=pass(!W???!???W!)traid_id=bvmrphmjgflutxuqidazavnulqiwkoopgctzotsqvvnmehvanvjeywfmwzkxmrun(!W???!???W!)action_type=fintraid\nmyval=(!A???!???A!)traid_id=(!A???!???A!)(!L???!???L!)document.getElementById((!A???!???A!)traid_id(!A???!???A!)).value(!L???!???L!)(!A???!???A!)(!W???!???W!)action_type=traid(!A???!???A!);\n\n\nsend_Url=(!A???!???A!)(!P???!???P!)?(!A???!???A!)(!L???!???L!)myval\nalert(send_Url);\npost_responce(send_Url,send_alert,(!A???!???A!)varible(!A???!???A!));\n\n}\n\nfunction send_alert(A,B){\n  myvalue=JSON.parse(A);\n  console.log(myvalue);\n\n  document.getElementById((!A???!???A!)stuff(!A???!???A!)).innerHTML= (!A???!???A!)<label for=(!D???!???D!)(!A???!???A!)uname(!D???!???D!)(!A???!???A!) class=(!D???!???D!)(!A???!???A!)text-white(!D???!???D!)(!A???!???A!)>(!A???!???A!)(!L???!???L!)A(!L???!???L!)(!A???!???A!)</label></div>(!A???!???A!);\n}\n\nfunction post_responce(path,func,varible){\n\n  console.log(path);\n  fetch(path).then(\n      ( response) => {\n          return response.text();\n      })\n      .then((html) => {\n          func(  html.trim()  , varible )\n      });\n}\n</script>\n\n\n\n', '2021-10-26 20:24:13'),
('u1', 'C_triad', '\n\n<!DOCTYPE html>\n<html>\n<head>\n  <meta charset=(!A???!???A!)UTF-8(!A???!???A!)>\n  <meta http-equiv=(!A???!???A!)X-UA-Compatible(!A???!???A!) content=(!A???!???A!)IE=edge(!A???!???A!)>\n  <meta name=(!A???!???A!)viewport(!A???!???A!) content=(!A???!???A!)width=device-width, initial-scale=1.0(!A???!???A!)>\n  <title>Make Traid</title>\n  <!-- bootstrap link start -->\n  <link rel=(!A???!???A!)stylesheet(!A???!???A!) href=(!A???!???A!)https://maxcdn.bootstrapcdn.com/bootstrap/4.0.0/css/bootstrap.min.css(!A???!???A!)\n    integrity=(!A???!???A!)sha384-Gn5384xqQ1aoWXA(!L???!???L!)058RXPxPg6fy4IWvTNh0E263XmFcJlSAwiGgFAW/dAiS6JXm(!A???!???A!) crossorigin=(!A???!???A!)anonymous(!A???!???A!)>\n  <script src=(!A???!???A!)https://code.jquery.com/jquery-3.2.1.slim.min.js(!A???!???A!)\n    integrity=(!A???!???A!)sha384-KJ3o2DKtIkvYIK3UENzmM7KCkRr/rE9/Qpg6aAZGJwFDMVNA/GpGFF93hXpG5KkN(!A???!???A!) crossorigin=(!A???!???A!)anonymous(!A???!???A!)></script>\n  <script src=(!A???!???A!)https://cdnjs.cloudflare.com/ajax/libs/popper.js/1.12.9/umd/popper.min.js(!A???!???A!)\n    integrity=(!A???!???A!)sha384-ApNbgh9B(!L???!???L!)Y1QKtv3Rn7W3mgPxhU9K/ScQsAP7hUibX39j7fakFPskvXusvfa0b4Q(!A???!???A!) crossorigin=(!A???!???A!)anonymous(!A???!???A!)></script>\n  <script src=(!A???!???A!)https://maxcdn.bootstrapcdn.com/bootstrap/4.0.0/js/bootstrap.min.js(!A???!???A!)\n    integrity=(!A???!???A!)sha384-JZR6Spejh4U02d8jOt6vLEHfe/JQGiRRSQQxSfFWpi1MquVdAyjUar5(!L???!???L!)76PVCmYl(!A???!???A!) crossorigin=(!A???!???A!)anonymous(!A???!???A!)></script>\n  <!-- bootstrap link end -->\n  <style>\n  .themainbutton{\n    min-width: 220px;\n  }\n  </style>\n</head>\n\n</br>\n</br>\n<body style=(!A???!???A!)background-color: #24222a;(!A???!???A!)>\n\n  <div class=(!A???!???A!)container (!A???!???A!)>\n    <div class=(!A???!???A!) d-flex justify-content-center(!A???!???A!)>\n      <div>\n\n          <div id = (!A???!???A!)stuff(!A???!???A!)> <label for=(!A???!???A!)uname(!A???!???A!) class=(!A???!???A!)text-white(!A???!???A!)>Make Traid</label></div>\n        </br>\n        <div class=(!A???!???A!)form-group(!A???!???A!)>\n          <label for=(!A???!???A!)uname(!A???!???A!) class=(!A???!???A!)text-white(!A???!???A!)>User Name</label>\n          <input type=(!A???!???A!)text(!A???!???A!) class=(!A???!???A!)form-control(!A???!???A!) id=(!A???!???A!)user(!A???!???A!) name=(!A???!???A!)user(!A???!???A!) placeholder=(!A???!???A!)User Name(!A???!???A!) value=(!A???!???A!)(!A???!???A!)>\n        </div>\n\n        <div class=(!A???!???A!)form-group(!A???!???A!)>\n          <label for=(!A???!???A!)uname(!A???!???A!) class=(!A???!???A!)text-white(!A???!???A!)>Password</label>\n          <input type=(!A???!???A!)text(!A???!???A!) class=(!A???!???A!)form-control(!A???!???A!) id=(!A???!???A!)password(!A???!???A!) name=(!A???!???A!)password(!A???!???A!) placeholder=(!A???!???A!)Passwords(!A???!???A!) value=(!A???!???A!)(!A???!???A!)>\n        </div>\n        <div class=(!A???!???A!)form-group(!A???!???A!)>\n          <label for=(!A???!???A!)uname(!A???!???A!) class=(!A???!???A!)text-white(!A???!???A!)>traid_id</label>\n          <input type=(!A???!???A!)text(!A???!???A!) class=(!A???!???A!)form-control(!A???!???A!) id=(!A???!???A!)traid_id(!A???!???A!) name=(!A???!???A!)traid_id(!A???!???A!) placeholder=(!A???!???A!)Passwords(!A???!???A!) value=(!A???!???A!)(!A???!???A!)>\n        </div>\n\n\n\n\n        <button class=(!A???!???A!)btn btn-primary(!A???!???A!) onclick=(!A???!???A!)add_user()(!A???!???A!)>Make Traid</button>\n\n      </div>\n\n\n      </div>\n\n  </div>\n</body>\n</html>\n\n<script type=(!A???!???A!)text/javascript(!A???!???A!)>\n\n\nfunction add_user(){\n\n\n\n//http://localhost:8001/doit?user=myuser3(!W???!???W!)password=pass(!W???!???W!)traid_id=bvmrphmjgflutxuqidazavnulqiwkoopgctzotsqvvnmehvanvjeywfmwzkxmrun(!W???!???W!)action_type=fintraid\nmyval=(!A???!???A!)user=(!A???!???A!)(!L???!???L!)document.getElementById((!A???!???A!)user(!A???!???A!)).value(!L???!???L!)(!A???!???A!)(!W???!???W!)action_type=fintraid(!W???!???W!)password=(!A???!???A!)(!L???!???L!)document.getElementById((!A???!???A!)password(!A???!???A!)).value(!L???!???L!)(!A???!???A!)(!W???!???W!)traid_id=(!A???!???A!)(!L???!???L!)document.getElementById((!A???!???A!)traid_id(!A???!???A!)).value;\n\nalert(myval);\nsend_Url=(!A???!???A!)(!P???!???P!)?(!A???!???A!)(!L???!???L!)myval\n\npost_responce(send_Url,send_alert,(!A???!???A!)varible(!A???!???A!));\n\n}\n\nfunction send_alert(A,B){\n  myvalue=JSON.parse(A);\n  console.log(myvalue);\n\n  document.getElementById((!A???!???A!)stuff(!A???!???A!)).innerHTML= (!A???!???A!)<label for=(!D???!???D!)(!A???!???A!)uname(!D???!???D!)(!A???!???A!) class=(!D???!???D!)(!A???!???A!)text-white(!D???!???D!)(!A???!???A!)>(!A???!???A!)(!L???!???L!)A(!L???!???L!)(!A???!???A!)</label></div>(!A???!???A!);\n}\n\nfunction post_responce(path,func,varible){\n\n  console.log(path);\n  fetch(path).then(\n      ( response) => {\n          return response.text();\n      })\n      .then((html) => {\n          func(  html.trim()  , varible )\n      });\n}\n</script>\n\n\n\n', '2021-10-26 20:26:06'),
('u1', 'Uprint', '\n\n<!DOCTYPE html>\n<html>\n<head>\n  <meta charset=(!A???!???A!)UTF-8(!A???!???A!)>\n  <meta http-equiv=(!A???!???A!)X-UA-Compatible(!A???!???A!) content=(!A???!???A!)IE=edge(!A???!???A!)>\n  <meta name=(!A???!???A!)viewport(!A???!???A!) content=(!A???!???A!)width=device-width, initial-scale=1.0(!A???!???A!)>\n  <title>Add User</title>\n  <!-- bootstrap link start -->\n  <link rel=(!A???!???A!)stylesheet(!A???!???A!) href=(!A???!???A!)https://maxcdn.bootstrapcdn.com/bootstrap/4.0.0/css/bootstrap.min.css(!A???!???A!)\n    integrity=(!A???!???A!)sha384-Gn5384xqQ1aoWXA(!L???!???L!)058RXPxPg6fy4IWvTNh0E263XmFcJlSAwiGgFAW/dAiS6JXm(!A???!???A!) crossorigin=(!A???!???A!)anonymous(!A???!???A!)>\n  <script src=(!A???!???A!)https://code.jquery.com/jquery-3.2.1.slim.min.js(!A???!???A!)\n    integrity=(!A???!???A!)sha384-KJ3o2DKtIkvYIK3UENzmM7KCkRr/rE9/Qpg6aAZGJwFDMVNA/GpGFF93hXpG5KkN(!A???!???A!) crossorigin=(!A???!???A!)anonymous(!A???!???A!)></script>\n  <script src=(!A???!???A!)https://cdnjs.cloudflare.com/ajax/libs/popper.js/1.12.9/umd/popper.min.js(!A???!???A!)\n    integrity=(!A???!???A!)sha384-ApNbgh9B(!L???!???L!)Y1QKtv3Rn7W3mgPxhU9K/ScQsAP7hUibX39j7fakFPskvXusvfa0b4Q(!A???!???A!) crossorigin=(!A???!???A!)anonymous(!A???!???A!)></script>\n  <script src=(!A???!???A!)https://maxcdn.bootstrapcdn.com/bootstrap/4.0.0/js/bootstrap.min.js(!A???!???A!)\n    integrity=(!A???!???A!)sha384-JZR6Spejh4U02d8jOt6vLEHfe/JQGiRRSQQxSfFWpi1MquVdAyjUar5(!L???!???L!)76PVCmYl(!A???!???A!) crossorigin=(!A???!???A!)anonymous(!A???!???A!)></script>\n  <!-- bootstrap link end -->\n  <style>\n  .themainbutton{\n    min-width: 220px;\n  }\n  </style>\n</head>\n\n</br>\n</br>\n<body style=(!A???!???A!)background-color: #24222a;(!A???!???A!)>\n\n  <div class=(!A???!???A!)container (!A???!???A!)>\n    <div class=(!A???!???A!) d-flex justify-content-center(!A???!???A!)>\n        <div>\n          <div id = (!A???!???A!)stuff(!A???!???A!)> <label for=(!A???!???A!)uname(!A???!???A!) class=(!A???!???A!)text-white(!A???!???A!)>Add a Key</label></div>\n            </br>\n            <div class=(!A???!???A!)form-group(!A???!???A!)>\n              <label for=(!A???!???A!)uname(!A???!???A!) class=(!A???!???A!)text-white(!A???!???A!)>user</label>\n              <input type=(!A???!???A!)text(!A???!???A!) class=(!A???!???A!)form-control(!A???!???A!) id=(!A???!???A!)usekkey(!A???!???A!) name=(!A???!???A!)usekkey(!A???!???A!) placeholder=(!A???!???A!)Passwords(!A???!???A!) value=(!A???!???A!)(!A???!???A!)>\n          </div>\n              <button class=(!A???!???A!)btn btn-primary(!A???!???A!) onclick=(!A???!???A!)add_user()(!A???!???A!)>Add User</button>\n        </div>\n      </div>\n\n  </div>\n</body>\n</html>\n\n<script type=(!A???!???A!)text/javascript(!A???!???A!)>\n\n\nfunction add_user(){\nalert((!A???!???A!)hi(!A???!???A!));\n\n\nsend_Url=(!A???!???A!)(!P???!???P!)?user=(!A???!???A!)(!L???!???L!)document.getElementById((!A???!???A!)usekkey(!A???!???A!)).value(!L???!???L!)(!A???!???A!)(!W???!???W!)action_type=Uprint(!A???!???A!);\nalert(send_Url);\npost_responce(send_Url,send_alert,(!A???!???A!)varible(!A???!???A!));\n\n}\n\nfunction send_alert(A,B){\n  document.getElementById((!A???!???A!)stuff(!A???!???A!)).innerHTML= (!A???!???A!)<label for=(!D???!???D!)(!A???!???A!)uname(!D???!???D!)(!A???!???A!) class=(!D???!???D!)(!A???!???A!)text-white(!D???!???D!)(!A???!???A!)>(!A???!???A!)(!L???!???L!)A(!L???!???L!)(!A???!???A!)</label></div>(!A???!???A!);\n}\n\nfunction post_responce(path,func,varible){\n\n  console.log(path);\n  fetch(path).then(\n      ( response) => {\n          return response.text();\n      })\n      .then((html) => {\n          func(  html.trim()  , varible )\n      });\n}\n\n\n\n\n\n\n\n</script>\n\n\n\n', '2021-10-26 22:54:39'),
('u1', 'ADD_C', '\n\n<!DOCTYPE html>\n<html>\n<head>\n  <meta charset=(!A???!???A!)UTF-8(!A???!???A!)>\n  <meta http-equiv=(!A???!???A!)X-UA-Compatible(!A???!???A!) content=(!A???!???A!)IE=edge(!A???!???A!)>\n  <meta name=(!A???!???A!)viewport(!A???!???A!) content=(!A???!???A!)width=device-width, initial-scale=1.0(!A???!???A!)>\n  <title>Make Traid</title>\n  <!-- bootstrap link start -->\n  <link rel=(!A???!???A!)stylesheet(!A???!???A!) href=(!A???!???A!)https://maxcdn.bootstrapcdn.com/bootstrap/4.0.0/css/bootstrap.min.css(!A???!???A!)\n    integrity=(!A???!???A!)sha384-Gn5384xqQ1aoWXA(!L???!???L!)058RXPxPg6fy4IWvTNh0E263XmFcJlSAwiGgFAW/dAiS6JXm(!A???!???A!) crossorigin=(!A???!???A!)anonymous(!A???!???A!)>\n  <script src=(!A???!???A!)https://code.jquery.com/jquery-3.2.1.slim.min.js(!A???!???A!)\n    integrity=(!A???!???A!)sha384-KJ3o2DKtIkvYIK3UENzmM7KCkRr/rE9/Qpg6aAZGJwFDMVNA/GpGFF93hXpG5KkN(!A???!???A!) crossorigin=(!A???!???A!)anonymous(!A???!???A!)></script>\n  <script src=(!A???!???A!)https://cdnjs.cloudflare.com/ajax/libs/popper.js/1.12.9/umd/popper.min.js(!A???!???A!)\n    integrity=(!A???!???A!)sha384-ApNbgh9B(!L???!???L!)Y1QKtv3Rn7W3mgPxhU9K/ScQsAP7hUibX39j7fakFPskvXusvfa0b4Q(!A???!???A!) crossorigin=(!A???!???A!)anonymous(!A???!???A!)></script>\n  <script src=(!A???!???A!)https://maxcdn.bootstrapcdn.com/bootstrap/4.0.0/js/bootstrap.min.js(!A???!???A!)\n    integrity=(!A???!???A!)sha384-JZR6Spejh4U02d8jOt6vLEHfe/JQGiRRSQQxSfFWpi1MquVdAyjUar5(!L???!???L!)76PVCmYl(!A???!???A!) crossorigin=(!A???!???A!)anonymous(!A???!???A!)></script>\n  <!-- bootstrap link end -->\n  <style>\n  .themainbutton{\n    min-width: 220px;\n  }\n  </style>\n</head>\n\n</br>\n</br>\n<body style=(!A???!???A!)background-color: #24222a;(!A???!???A!)>\n\n  <div class=(!A???!???A!)container (!A???!???A!)>\n    <div class=(!A???!???A!) d-flex justify-content-center(!A???!???A!)>\n      <div>\n\n          <div id = (!A???!???A!)stuff(!A???!???A!)> <label for=(!A???!???A!)uname(!A???!???A!) class=(!A???!???A!)text-white(!A???!???A!)>Make Traid</label></div>\n        </br>\n\n        <div class=(!A???!???A!)form-group(!A???!???A!)>\n          <label for=(!A???!???A!)uname(!A???!???A!) class=(!A???!???A!)text-white(!A???!???A!)>User</label>\n          <input type=(!A???!???A!)text(!A???!???A!) class=(!A???!???A!)form-control(!A???!???A!) id=(!A???!???A!)My_User(!A???!???A!) name=(!A???!???A!)My_User(!A???!???A!) placeholder=(!A???!???A!)Traid_path(!A???!???A!) value=(!A???!???A!)(!A???!???A!)>\n        </div>\n\n\n        <div class=(!A???!???A!)form-group(!A???!???A!)>\n          <label for=(!A???!???A!)uname(!A???!???A!) class=(!A???!???A!)text-white(!A???!???A!)>Password</label>\n          <input type=(!A???!???A!)text(!A???!???A!) class=(!A???!???A!)form-control(!A???!???A!) id=(!A???!???A!)password(!A???!???A!) name=(!A???!???A!)password(!A???!???A!) placeholder=(!A???!???A!)Traid_path(!A???!???A!) value=(!A???!???A!)(!A???!???A!)>\n        </div>\n\n\n        <div class=(!A???!???A!)form-group(!A???!???A!)>\n          <label for=(!A???!???A!)uname(!A???!???A!) class=(!A???!???A!)text-white(!A???!???A!)>crypto_name</label>\n          <input type=(!A???!???A!)text(!A???!???A!) class=(!A???!???A!)form-control(!A???!???A!) id=(!A???!???A!)crypto_name(!A???!???A!) name=(!A???!???A!)crypto_name(!A???!???A!) placeholder=(!A???!???A!)Traid_path(!A???!???A!) value=(!A???!???A!)(!A???!???A!)>\n        </div>\n\n\n\n\n        <div class=(!A???!???A!)form-group(!A???!???A!)>\n          <label for=(!A???!???A!)uname(!A???!???A!) class=(!A???!???A!)text-white(!A???!???A!)>crypto_key</label>\n          <input type=(!A???!???A!)text(!A???!???A!) class=(!A???!???A!)form-control(!A???!???A!) id=(!A???!???A!)crypto_key(!A???!???A!) name=(!A???!???A!)crypto_key(!A???!???A!) placeholder=(!A???!???A!)Traid_path(!A???!???A!) value=(!A???!???A!)(!A???!???A!)>\n        </div>\n\n        <div class=(!A???!???A!)form-group(!A???!???A!)>\n          <label for=(!A???!???A!)uname(!A???!???A!) class=(!A???!???A!)text-white(!A???!???A!)>crypto_path</label>\n          <input type=(!A???!???A!)text(!A???!???A!) class=(!A???!???A!)form-control(!A???!???A!) id=(!A???!???A!)crypto_path(!A???!???A!) name=(!A???!???A!)crypto_path(!A???!???A!) placeholder=(!A???!???A!)Traid_path(!A???!???A!) value=(!A???!???A!)(!A???!???A!)>\n        </div>\n\n\n       <div class=(!A???!???A!)form-group(!A???!???A!)>\n          <label for=(!A???!???A!)uname(!A???!???A!) class=(!A???!???A!)text-white(!A???!???A!)>L_name</label>\n          <input type=(!A???!???A!)text(!A???!???A!) class=(!A???!???A!)form-control(!A???!???A!) id=(!A???!???A!)L_name(!A???!???A!) name=(!A???!???A!)L_name(!A???!???A!) placeholder=(!A???!???A!)Traid_path(!A???!???A!) value=(!A???!???A!)(!A???!???A!)>\n        </div>\n\n\n\n\n\n        <button class=(!A???!???A!)btn btn-primary(!A???!???A!) onclick=(!A???!???A!)add_user()(!A???!???A!)>Make Traid</button>\n\n      </div>\n\n\n      </div>\n\n  </div>\n</body>\n</html>\n\n<script type=(!A???!???A!)text/javascript(!A???!???A!)>\n\n\nfunction add_user(){\n\n\n\n//http://localhost:8001/doit?user=myuser3(!W???!???W!)password=pass(!W???!???W!)traid_id=bvmrphmjgflutxuqidazavnulqiwkoopgctzotsqvvnmehvanvjeywfmwzkxmrun(!W???!???W!)action_type=fintraid\n\n//http://localhost:8001/doit?user=myuser3(!W???!???W!)password=pass(!W???!???W!)crypto_name=name(!W???!???W!)crypto_path=of(!W???!???W!)crypto_key=crypto(!W???!???W!)L_name=ledgure_name(!W???!???W!)action_type=add_C\n\n//http://localhost:8001/doit?user=myuser3(!W???!???W!)password=pass(!W???!???W!)crypto_name=acea767f8f01aa1c1c3ac9b6a6a201e924e547e43e6717f5b6fafaa9cd95fef6(!W???!???W!)crypto_path=http%3A%2F%2Falexhaussmann.com%2Fadhaussmann%2Fa_final%2F(!W???!???W!)crypto_key=c1bc55617ea230a9edc84d90ba6b6b6226edbf9dd5105d1da0acb4e3fc5a1cd2(!W???!???W!)L_name=ptest_led(!W???!???W!)action_type=add_C\n\n\nmyval=(!A???!???A!)user=(!A???!???A!)(!L???!???L!)document.getElementById((!A???!???A!)My_User(!A???!???A!)).value(!L???!???L!)(!A???!???A!)(!W???!???W!)password=(!A???!???A!)(!L???!???L!)document.getElementById((!A???!???A!)password(!A???!???A!)).value(!L???!???L!)(!A???!???A!)(!W???!???W!)action_type=add_C(!W???!???W!)crypto_name=(!A???!???A!)(!L???!???L!)document.getElementById((!A???!???A!)crypto_name(!A???!???A!)).value(!L???!???L!)(!A???!???A!)(!W???!???W!)crypto_key=(!A???!???A!)(!L???!???L!)document.getElementById((!A???!???A!)crypto_key(!A???!???A!)).value(!L???!???L!)(!A???!???A!)(!W???!???W!)crypto_path=(!A???!???A!)(!L???!???L!)document.getElementById((!A???!???A!)crypto_path(!A???!???A!)).value(!L???!???L!)(!A???!???A!)(!W???!???W!)L_name=(!A???!???A!)(!L???!???L!)document.getElementById((!A???!???A!)L_name(!A???!???A!)).value;\n\nsend_Url=(!A???!???A!)(!P???!???P!)?(!A???!???A!)(!L???!???L!)myval;\n\nalert(send_Url);\n\n\npost_responce(send_Url,send_alert,(!A???!???A!)varible(!A???!???A!));\n\n}\n\nfunction send_alert(A,B){\n  myvalue=JSON.parse(A);\n  console.log(myvalue);\n\n  document.getElementById((!A???!???A!)stuff(!A???!???A!)).innerHTML= (!A???!???A!)<label for=(!D???!???D!)(!A???!???A!)uname(!D???!???D!)(!A???!???A!) class=(!D???!???D!)(!A???!???A!)text-white(!D???!???D!)(!A???!???A!)>(!A???!???A!)(!L???!???L!)A(!L???!???L!)(!A???!???A!)</label></div>(!A???!???A!);\n}\n\nfunction post_responce(path,func,varible){\n\n  console.log(path);\n  fetch(path).then(\n      ( response) => {\n          return response.text();\n      })\n      .then((html) => {\n          func(  html.trim()  , varible )\n      });\n}\n</script>\n\n\n\n', '2021-10-26 23:05:47'),
('u1', 'GET_C', '\n\n<!DOCTYPE html>\n<html>\n<head>\n  <meta charset=(!A???!???A!)UTF-8(!A???!???A!)>\n  <meta http-equiv=(!A???!???A!)X-UA-Compatible(!A???!???A!) content=(!A???!???A!)IE=edge(!A???!???A!)>\n  <meta name=(!A???!???A!)viewport(!A???!???A!) content=(!A???!???A!)width=device-width, initial-scale=1.0(!A???!???A!)>\n  <title>Add User</title>\n  <!-- bootstrap link start -->\n  <link rel=(!A???!???A!)stylesheet(!A???!???A!) href=(!A???!???A!)https://maxcdn.bootstrapcdn.com/bootstrap/4.0.0/css/bootstrap.min.css(!A???!???A!)\n    integrity=(!A???!???A!)sha384-Gn5384xqQ1aoWXA(!L???!???L!)058RXPxPg6fy4IWvTNh0E263XmFcJlSAwiGgFAW/dAiS6JXm(!A???!???A!) crossorigin=(!A???!???A!)anonymous(!A???!???A!)>\n  <script src=(!A???!???A!)https://code.jquery.com/jquery-3.2.1.slim.min.js(!A???!???A!)\n    integrity=(!A???!???A!)sha384-KJ3o2DKtIkvYIK3UENzmM7KCkRr/rE9/Qpg6aAZGJwFDMVNA/GpGFF93hXpG5KkN(!A???!???A!) crossorigin=(!A???!???A!)anonymous(!A???!???A!)></script>\n  <script src=(!A???!???A!)https://cdnjs.cloudflare.com/ajax/libs/popper.js/1.12.9/umd/popper.min.js(!A???!???A!)\n    integrity=(!A???!???A!)sha384-ApNbgh9B(!L???!???L!)Y1QKtv3Rn7W3mgPxhU9K/ScQsAP7hUibX39j7fakFPskvXusvfa0b4Q(!A???!???A!) crossorigin=(!A???!???A!)anonymous(!A???!???A!)></script>\n  <script src=(!A???!???A!)https://maxcdn.bootstrapcdn.com/bootstrap/4.0.0/js/bootstrap.min.js(!A???!???A!)\n    integrity=(!A???!???A!)sha384-JZR6Spejh4U02d8jOt6vLEHfe/JQGiRRSQQxSfFWpi1MquVdAyjUar5(!L???!???L!)76PVCmYl(!A???!???A!) crossorigin=(!A???!???A!)anonymous(!A???!???A!)></script>\n  <!-- bootstrap link end -->\n  <style>\n  .themainbutton{\n    min-width: 220px;\n  }\n  </style>\n</head>\n\n</br>\n</br>\n<body style=(!A???!???A!)background-color: #24222a;(!A???!???A!)>\n\n  <div class=(!A???!???A!)container (!A???!???A!)>\n    <div class=(!A???!???A!) d-flex justify-content-center(!A???!???A!)>\n      <div>\n\n          <div id = (!A???!???A!)stuff(!A???!???A!)> <label for=(!A???!???A!)uname(!A???!???A!) class=(!A???!???A!)text-white(!A???!???A!)>Add a Key</label></div>\n        </br>\n        <div class=(!A???!???A!)form-group(!A???!???A!)>\n          <label for=(!A???!???A!)uname(!A???!???A!) class=(!A???!???A!)text-white(!A???!???A!)>Ledgure_Name</label>\n          <input type=(!A???!???A!)text(!A???!???A!) class=(!A???!???A!)form-control(!A???!???A!) id=(!A???!???A!)ledgure_Name(!A???!???A!) name=(!A???!???A!)ledgure_Name(!A???!???A!) placeholder=(!A???!???A!)User Name(!A???!???A!) value=(!A???!???A!)(!A???!???A!)>\n        </div>\n\n        <div class=(!A???!???A!)form-group(!A???!???A!)>\n          <label for=(!A???!???A!)uname(!A???!???A!) class=(!A???!???A!)text-white(!A???!???A!)>Password</label>\n          <input type=(!A???!???A!)text(!A???!???A!) class=(!A???!???A!)form-control(!A???!???A!) id=(!A???!???A!)password(!A???!???A!) name=(!A???!???A!)password(!A???!???A!) placeholder=(!A???!???A!)Passwords(!A???!???A!) value=(!A???!???A!)(!A???!???A!)>\n        </div>\n\n        <div class=(!A???!???A!)form-group(!A???!???A!)>\n          <label for=(!A???!???A!)uname(!A???!???A!) class=(!A???!???A!)text-white(!A???!???A!)>Email</label>\n          <input type=(!A???!???A!)text(!A???!???A!) class=(!A???!???A!)form-control(!A???!???A!) id=(!A???!???A!)email(!A???!???A!) name=(!A???!???A!)email(!A???!???A!) placeholder=(!A???!???A!)Email(!A???!???A!) value=(!A???!???A!)(!A???!???A!)>\n        </div>\n\n        <div class=(!A???!???A!)form-group(!A???!???A!)>\n          <label for=(!A???!???A!)uname(!A???!???A!) class=(!A???!???A!)text-white(!A???!???A!)>Message</label>\n          <input type=(!A???!???A!)text(!A???!???A!) class=(!A???!???A!)form-control(!A???!???A!) id=(!A???!???A!)message(!A???!???A!) name=(!A???!???A!)message(!A???!???A!) placeholder=(!A???!???A!)message(!A???!???A!) value=(!A???!???A!)(!A???!???A!)>\n        </div>\n\n        <div class=(!A???!???A!)form-group(!A???!???A!)>\n          <label for=(!A???!???A!)uname(!A???!???A!) class=(!A???!???A!)text-white(!A???!???A!)>Key Message</label>\n          <input type=(!A???!???A!)text(!A???!???A!) class=(!A???!???A!)form-control(!A???!???A!) id=(!A???!???A!)keymessage(!A???!???A!) name=(!A???!???A!)keymessage(!A???!???A!) placeholder=(!A???!???A!)keymessage(!A???!???A!) value=(!A???!???A!)(!A???!???A!)>\n        </div>\n\n        <div class=(!A???!???A!)form-group(!A???!???A!)>\n          <label for=(!A???!???A!)uname(!A???!???A!) class=(!A???!???A!)text-white(!A???!???A!)>Key Froward</label>\n          <input type=(!A???!???A!)text(!A???!???A!) class=(!A???!???A!)form-control(!A???!???A!) id=(!A???!???A!)keyfroward(!A???!???A!) name=(!A???!???A!)keyfroward(!A???!???A!) placeholder=(!A???!???A!)keyfroward(!A???!???A!) value=(!A???!???A!)(!A???!???A!)>\n        </div>\n\n        <button class=(!A???!???A!)btn btn-primary(!A???!???A!) onclick=(!A???!???A!)add_user()(!A???!???A!)>Add User</button>\n\n      </div>\n\n\n      </div>\n\n  </div>\n</body>\n</html>\n\n<script type=(!A???!???A!)text/javascript(!A???!???A!)>\n\n\nfunction add_user(){\n//http://localhost:8000/doit?action_type=add_key(!W???!???W!)ledgure=u1_led(!W???!???W!)password=hash(!W???!???W!)message=mess(!W???!???W!)email=email(!W???!???W!)key_message=keymessage(!W???!???W!)keyfroward=keyforward\nsend_Url=(!A???!???A!)(!P???!???P!)?ledgure=(!A???!???A!)(!L???!???L!)document.getElementById((!A???!???A!)ledgure_Name(!A???!???A!)).value(!L???!???L!)(!A???!???A!)(!W???!???W!)action_type=add_key(!W???!???W!)password=(!A???!???A!)(!L???!???L!)document.getElementById((!A???!???A!)password(!A???!???A!)).value(!L???!???L!)(!A???!???A!)(!W???!???W!)email=(!A???!???A!)(!L???!???L!)document.getElementById((!A???!???A!)email(!A???!???A!)).value(!L???!???L!)(!A???!???A!)(!W???!???W!)message=(!A???!???A!)(!L???!???L!)document.getElementById((!A???!???A!)message(!A???!???A!)).value(!L???!???L!)(!A???!???A!)(!W???!???W!)keymessage=(!A???!???A!)(!L???!???L!)document.getElementById((!A???!???A!)keymessage(!A???!???A!)).value(!L???!???L!)(!A???!???A!)(!W???!???W!)keyfroward=(!A???!???A!)(!L???!???L!)document.getElementById((!A???!???A!)keyfroward(!A???!???A!)).value;\n\nalert(send_Url);\npost_responce(send_Url,send_alert,(!A???!???A!)varible(!A???!???A!));\n\n}\n\nfunction send_alert(A,B){\n  document.getElementById((!A???!???A!)stuff(!A???!???A!)).innerHTML= (!A???!???A!)<label for=(!D???!???D!)(!A???!???A!)uname(!D???!???D!)(!A???!???A!) class=(!D???!???D!)(!A???!???A!)text-white(!D???!???D!)(!A???!???A!)>(!A???!???A!)(!L???!???L!)A(!L???!???L!)(!A???!???A!)</label></div>(!A???!???A!);\n}\n\nfunction post_responce(path,func,varible){\n\n  console.log(path);\n  fetch(path).then(\n      ( response) => {\n          return response.text();\n      })\n      .then((html) => {\n          func(  html.trim()  , varible )\n      });\n}\n\n\n\n\n\n\n\n</script>\n\n\n\n', '2021-10-26 23:13:32'),
('u1', 'youtube2', '<body style=(!A???!???A!)background-color: #24222a;(!A???!???A!)>\n  <div id = (!A???!???A!)stuff(!A???!???A!) class=(!A???!???A!) d-flex justify-content-center(!A???!???A!)>\n<div id=(!A???!???A!)player(!A???!???A!)></div>\n</div>\n\n  <link rel=(!A???!???A!)stylesheet(!A???!???A!) href=(!A???!???A!)https://maxcdn.bootstrapcdn.com/bootstrap/4.0.0/css/bootstrap.min.css(!A???!???A!)\n    integrity=(!A???!???A!)sha384-Gn5384xqQ1aoWXA(!L???!???L!)058RXPxPg6fy4IWvTNh0E263XmFcJlSAwiGgFAW/dAiS6JXm(!A???!???A!) crossorigin=(!A???!???A!)anonymous(!A???!???A!)>\n</br>\n</br>\n</br>\n</br>\n</br>\n</br>\n  <div id = (!A???!???A!)stuff(!A???!???A!) class=(!A???!???A!) d-flex justify-content-center(!A???!???A!)>\n<div id=(!A???!???A!)player2(!A???!???A!) ></div>\n</div>\n\n</body>\n<script>\n  var tag = document.createElement((!B???!???B!)script(!B???!???B!));\n  tag.src = (!A???!???A!)https://www.youtube.com/iframe_api(!A???!???A!);\n  var firstScriptTag = document.getElementsByTagName((!B???!???B!)script(!B???!???B!))[0];\n  firstScriptTag.parentNode.insertBefore(tag, firstScriptTag);\n  var player2;\n  var player;\n  window.onYouTubeIframeAPIReady = function() {\n      console.log((!A???!???A!)YouTube API Ready(!A???!???A!));\n\n\n      myvar = (!A???!???A!)(!0???!???0!)(!A???!???A!);\n      vals = myvar.split((!A???!???A!),(!A???!???A!));\n\n      console.log((!A???!???A!)YouTube API Ready(!A???!???A!));\n\n      player = new YT.Player((!B???!???B!)player(!B???!???B!), { \n          videoId: vals[0],\n          playerVars: {\n              controls: 1,\n\n              autoplay: 0,\n              disablekb: 1,\n              enablejsapi: 1,\n              iv_load_policy: 3,\n              // modestbranding: 1,\n              showinfo: 1\n          }\n      });\n\n      player2 = new YT.Player((!B???!???B!)player2(!B???!???B!), { \n          videoId: vals[1],\n          playerVars: {\n              controls: 1,\n              autoplay: 0,\n              disablekb: 1,\n              enablejsapi: 1,\n              iv_load_policy: 3,\n              // modestbranding: 1,\n              showinfo: 1\n          }\n      }); \n\n      ytLoaded = true;\n\n      if (windowWidth) { // if document loaded first\n          resizePlayer();\n      }\n   };\n  function mytime(argument) {\n      if (ytLoaded==true) {\n        console.log(player);\n        console.log(player.getCurrentTime())\n        if ( (player2.getCurrentTime()-player.getCurrentTime()  )**2>=10 ) {\n        player2.seekTo( player.getCurrentTime() , true);\n\n            }\n          }\n        }\n  setInterval(mytime, 6000);\n</script>', '2021-11-01 20:39:27'),
('u1', 'youtube1', '\r\n  \r\n  <link rel=(!A???!???A!)stylesheet(!A???!???A!) href=(!A???!???A!)https://maxcdn.bootstrapcdn.com/bootstrap/4.0.0/css/bootstrap.min.css(!A???!???A!)\r\n    integrity=(!A???!???A!)sha384-Gn5384xqQ1aoWXA(!L???!???L!)058RXPxPg6fy4IWvTNh0E263XmFcJlSAwiGgFAW/dAiS6JXm(!A???!???A!) crossorigin=(!A???!???A!)anonymous(!A???!???A!)>\r\n<body style=(!A???!???A!)background-color: #24222a;(!A???!???A!)>\r\n</br>\r\n</br>\r\n</br>\r\n<div id = (!A???!???A!)stuff(!A???!???A!) class=(!A???!???A!) d-flex justify-content-center(!A???!???A!)>\r\n<div id=(!A???!???A!)player(!A???!???A!)></div>\r\n</div>\r\n</br>\r\n</br>\r\n</br>\r\n<div id=(!A???!???A!)mainbody(!A???!???A!)></div>\r\n</br>\r\n</br>\r\n</br>\r\n</body>\r\n<script>\r\n var tag = document.createElement((!B???!???B!)script(!B???!???B!));\r\n tag.src = (!A???!???A!)https://www.youtube.com/iframe_api(!A???!???A!);\r\n var firstScriptTag = document.getElementsByTagName((!B???!???B!)script(!B???!???B!))[0];\r\n firstScriptTag.parentNode.insertBefore(tag, firstScriptTag);\r\n\r\n var player;\r\n\r\n window.onYouTubeIframeAPIReady = function() {\r\n    console.log((!A???!???A!)YouTube API Ready(!A???!???A!));\r\n    myvar = (!A???!???A!)(!0???!???0!)(!A???!???A!);\r\n    vals = myvar.split((!A???!???A!),(!A???!???A!));\r\n\r\n    player = new YT.Player((!B???!???B!)player(!B???!???B!), { \r\n        videoId: vals[0],\r\n        playerVars: {\r\n            controls: 1,\r\n            autoplay: 0,\r\n            disablekb: 1,\r\n            enablejsapi: 1,\r\n            iv_load_policy: 3,\r\n            // modestbranding: 1,\r\n            showinfo: 1\r\n        }\r\n    }); \r\n\r\n    ytLoaded = true;\r\n\r\n    if (windowWidth) { // if document loaded first\r\n        resizePlayer();\r\n    }\r\n };\r\n\r\n      function mytime(argument) {\r\n\r\n\r\n    if (ytLoaded==true) {\r\n      //alert((!A???!???A!)in here(!A???!???A!));\r\n          //console.log(player);\r\n          console.log(player.getCurrentTime());\r\n          myvar = (!A???!???A!)(!0???!???0!)(!A???!???A!);\r\n            vals = myvar.split((!A???!???A!),(!A???!???A!));\r\n          if (player.getCurrentTime()>=0 (!W???!???W!)(!W???!???W!) player.getCurrentTime()<=parseFloat(vals[6]) ){\r\n            console.log((!A???!???A!)in0(!A???!???A!))\r\n            if (place !=0){\r\n                place = 0;\r\n                load(0);\r\n            }\r\n          }else if (player.getCurrentTime()>=parseFloat(vals[6]) (!W???!???W!)(!W???!???W!) player.getCurrentTime()<=parseFloat(vals[7]) ){\r\n            console.log((!A???!???A!)in1(!A???!???A!))\r\n            if (place !=1){\r\n                place = 1;\r\n                load(1);\r\n            }\r\n          }else if (player.getCurrentTime()>=parseFloat(vals[7]) (!W???!???W!)(!W???!???W!) player.getCurrentTime()<=parseFloat(vals[8]) ){\r\n            console.log((!A???!???A!)in2(!A???!???A!))\r\n            if (place !=2){\r\n                place = 2;\r\n                load(2);\r\n            }\r\n          }else if (player.getCurrentTime()>=parseFloat(vals[8]) (!W???!???W!)(!W???!???W!) player.getCurrentTime()<=parseFloat(vals[9]) ){\r\n            console.log((!A???!???A!)in3(!A???!???A!))\r\n            if (place !=3){\r\n                place = 3;\r\n                load(3);\r\n            }\r\n          }else if (player.getCurrentTime()>=parseFloat(vals[9]) ){\r\n            console.log((!A???!???A!)in4(!A???!???A!))\r\n            if (place !=4){\r\n                place = 4;\r\n                load(4);\r\n            }\r\n          }\r\n      \r\n\r\n        }\r\n      }\r\n      setInterval(mytime, 1500);\r\n</script>\r\n\r\n\r\n\r\n\r\n<script type=(!A???!???A!)text/javascript(!A???!???A!)>\r\n\r\n\r\ncounter = 0;\r\nmaxium = 17;\r\nfunction load(number) {\r\n\r\n          myvar = (!A???!???A!)(!0???!???0!)(!A???!???A!);\r\n          myvar = myvar.replaceAll(\'(???5???)\', \'&\')\r\n          myvar = myvar.replaceAll(\'(???6???)\', \'/\')\r\n          myvar = myvar.replaceAll(\'(???7???)\', \':\')\r\n\r\n    vals = myvar.split((!A???!???A!),(!A???!???A!));\r\n    console.log(vals);\r\n  array4 = [\r\n  vals[1],\r\n  vals[2],\r\n\r\n  vals[3],\r\n  vals[4],\r\n  vals[5]\r\n  ]\r\n\r\n\r\n\r\n\r\nvalue =(!A???!???A!)<div class=(!D???!???D!)(!A???!???A!) d-flex justify-content-center(!D???!???D!)(!A???!???A!)> <iframe width=(!D???!???D!)(!A???!???A!)90%(!D???!???D!)(!A???!???A!) height=(!D???!???D!)(!A???!???A!)815(!D???!???D!)(!A???!???A!) src=(!D???!???D!)(!A???!???A!)(!A???!???A!)(!L???!???L!)array4[number](!L???!???L!)(!A???!???A!)(!D???!???D!)(!A???!???A!) title=(!D???!???D!)(!A???!???A!)YouTube video player(!D???!???D!)(!A???!???A!) frameborder=(!D???!???D!)(!A???!???A!)0(!D???!???D!)(!A???!???A!) allow=(!D???!???D!)(!A???!???A!)accelerometer; autoplay; clipboard-write; encrypted-media; gyroscope; picture-in-picture(!D???!???D!)(!A???!???A!) allowfullscreen></iframe></div>(!A???!???A!);\r\n  document.getElementById((!A???!???A!)mainbody(!A???!???A!)).innerHTML = value;\r\n}\r\n\r\nplace=0;\r\nload(0);\r\n</script>', '2021-11-01 20:51:01');
INSERT INTO `template` (`user`, `usertemplate_name`, `template`, `time`) VALUES
('u1', 'youtube1_maker', '<!DOCTYPE html>\n<html>\n<head>\n<title>Read Text File</title>\n</head>\n<body  style=(!A???!???A!)background-color: #24222a;(!A???!???A!)>\n      <link rel=(!A???!???A!)stylesheet(!A???!???A!) href=(!A???!???A!)https://maxcdn.bootstrapcdn.com/bootstrap/4.0.0/css/bootstrap.min.css(!A???!???A!)\n    integrity=(!A???!???A!)sha384-Gn5384xqQ1aoWXA(!L???!???L!)058RXPxPg6fy4IWvTNh0E263XmFcJlSAwiGgFAW/dAiS6JXm(!A???!???A!) crossorigin=(!A???!???A!)anonymous(!A???!???A!)>\n  <script src=(!A???!???A!)https://code.jquery.com/jquery-3.2.1.slim.min.js(!A???!???A!)\n    integrity=(!A???!???A!)sha384-KJ3o2DKtIkvYIK3UENzmM7KCkRr/rE9/Qpg6aAZGJwFDMVNA/GpGFF93hXpG5KkN(!A???!???A!) crossorigin=(!A???!???A!)anonymous(!A???!???A!)></script>\n  <script src=(!A???!???A!)https://cdnjs.cloudflare.com/ajax/libs/popper.js/1.12.9/umd/popper.min.js(!A???!???A!)\n    integrity=(!A???!???A!)sha384-ApNbgh9B(!L???!???L!)Y1QKtv3Rn7W3mgPxhU9K/ScQsAP7hUibX39j7fakFPskvXusvfa0b4Q(!A???!???A!) crossorigin=(!A???!???A!)anonymous(!A???!???A!)></script>\n  <script src=(!A???!???A!)https://maxcdn.bootstrapcdn.com/bootstrap/4.0.0/js/bootstrap.min.js(!A???!???A!)\n    integrity=(!A???!???A!)sha384-JZR6Spejh4U02d8jOt6vLEHfe/JQGiRRSQQxSfFWpi1MquVdAyjUar5(!L???!???L!)76PVCmYl(!A???!???A!) crossorigin=(!A???!???A!)anonymous(!A???!???A!)></script>\n\n\n</br>\n</br>\n  <label for=(!A???!???A!)fname(!A???!???A!) class=(!A???!???A!)text-white(!A???!???A!)>Main Youtube Video</label>\n  <input type=(!A???!???A!)text(!A???!???A!) id=(!A???!???A!)name(!A???!???A!) name=(!A???!???A!)fname(!A???!???A!)><br><br>\n\n  <label for=(!A???!???A!)lname(!A???!???A!) class=(!A???!???A!)text-white(!A???!???A!)>IFram 1</label>\n  <input type=(!A???!???A!)text(!A???!???A!) id=(!A???!???A!)fram1(!A???!???A!) name=(!A???!???A!)lname(!A???!???A!)><br><br>\n\n  <label for=(!A???!???A!)lname(!A???!???A!) class=(!A???!???A!)text-white(!A???!???A!)>IFram 1 time</label>\n  <input type=(!A???!???A!)text(!A???!???A!) id=(!A???!???A!)tim1(!A???!???A!) name=(!A???!???A!)lname(!A???!???A!)><br><br>\n\n\n  <label for=(!A???!???A!)lname(!A???!???A!) class=(!A???!???A!)text-white(!A???!???A!)>IFram 2</label>\n  <input type=(!A???!???A!)text(!A???!???A!) id=(!A???!???A!)fram2(!A???!???A!) name=(!A???!???A!)lname(!A???!???A!)><br><br>\n\n  <label for=(!A???!???A!)lname(!A???!???A!) class=(!A???!???A!)text-white(!A???!???A!)>IFram 2 time</label>\n  <input type=(!A???!???A!)text(!A???!???A!) id=(!A???!???A!)tim2(!A???!???A!) name=(!A???!???A!)lname(!A???!???A!)><br><br>\n\n\n  <label for=(!A???!???A!)lname(!A???!???A!) class=(!A???!???A!)text-white(!A???!???A!)>IFram 3</label>\n  <input type=(!A???!???A!)text(!A???!???A!) id=(!A???!???A!)fram3(!A???!???A!) name=(!A???!???A!)lname(!A???!???A!)><br><br>\n\n  <label for=(!A???!???A!)lname(!A???!???A!) class=(!A???!???A!)text-white(!A???!???A!)>IFram 3 time</label>\n  <input type=(!A???!???A!)text(!A???!???A!) id=(!A???!???A!)tim3(!A???!???A!) name=(!A???!???A!)lname(!A???!???A!)><br><br>\n\n  <label for=(!A???!???A!)lname(!A???!???A!) class=(!A???!???A!)text-white(!A???!???A!)>IFram 4</label>\n  <input type=(!A???!???A!)text(!A???!???A!) id=(!A???!???A!)fram4(!A???!???A!) name=(!A???!???A!)lname(!A???!???A!)><br><br>\n\n  <label for=(!A???!???A!)lname(!A???!???A!) class=(!A???!???A!)text-white(!A???!???A!)>IFram 4 time</label>\n  <input type=(!A???!???A!)text(!A???!???A!) id=(!A???!???A!)tim4(!A???!???A!) name=(!A???!???A!)lname(!A???!???A!)><br><br>\n\n  <label for=(!A???!???A!)lname(!A???!???A!) class=(!A???!???A!)text-white(!A???!???A!)>IFram 5</label>\n  <input type=(!A???!???A!)text(!A???!???A!) id=(!A???!???A!)fram5(!A???!???A!) name=(!A???!???A!)lname(!A???!???A!)><br><br>\n\n\n\n<script type=(!A???!???A!)text/javascript(!A???!???A!)>\n\n  function myFunction() {\n  myurl = (!A???!???A!)(!P???!???P!)?action_type=makepage(!W???!???W!)usertemplate_name=youtube1(!W???!???W!)var1=(!A???!???A!)(!L???!???L!)encodeURIComponent(document.getElementById((!A???!???A!)name(!A???!???A!)).value)(!L???!???L!)(!A???!???A!),(!A???!???A!)(!L???!???L!)encodeURIComponent(document.getElementById((!A???!???A!)fram1(!A???!???A!)).value)(!L???!???L!)(!A???!???A!),(!A???!???A!)(!L???!???L!)encodeURIComponent(document.getElementById((!A???!???A!)fram2(!A???!???A!)).value)(!L???!???L!)(!A???!???A!),(!A???!???A!)(!L???!???L!)encodeURIComponent(document.getElementById((!A???!???A!)fram3(!A???!???A!)).value)(!L???!???L!)(!A???!???A!),(!A???!???A!)(!L???!???L!)encodeURIComponent(document.getElementById((!A???!???A!)fram4(!A???!???A!)).value)(!L???!???L!)(!A???!???A!),(!A???!???A!)(!L???!???L!)encodeURIComponent(document.getElementById((!A???!???A!)fram5(!A???!???A!)).value)(!L???!???L!)(!A???!???A!),(!A???!???A!)(!L???!???L!)document.getElementById((!A???!???A!)tim1(!A???!???A!)).value(!L???!???L!)(!A???!???A!),(!A???!???A!)(!L???!???L!)document.getElementById((!A???!???A!)tim2(!A???!???A!)).value(!L???!???L!)(!A???!???A!),(!A???!???A!)(!L???!???L!)document.getElementById((!A???!???A!)tim3(!A???!???A!)).value(!L???!???L!)(!A???!???A!),(!A???!???A!)(!L???!???L!)document.getElementById((!A???!???A!)tim4(!A???!???A!)).value;\n\n\n  document.getElementById((!A???!???A!)myurl(!A???!???A!)).innerHTML=myurl (!L???!???L!)(!A???!???A!)</br>(!A???!???A!);\n  }\n\n\n</script>\n\n\n <button onclick=(!A???!???A!)myFunction()(!A???!???A!) type=(!A???!???A!)button(!A???!???A!)>Make</button> \n\n<label for=(!A???!???A!)lname(!A???!???A!) class=(!A???!???A!)text-white(!A???!???A!)>\n<div id = (!A???!???A!)myurl(!A???!???A!) > </div>\n</label>\n</br></br>\n<label for=(!A???!???A!)lname(!A???!???A!) class=(!A???!???A!)text-white(!A???!???A!)>\n<div id = (!A???!???A!)aa(!A???!???A!) >^ </div>\n</label>\n</body>\n\n\n\n', '2021-11-02 01:25:24'),
('u1', 'youtube2_maker', '<!DOCTYPE html>\n<html>\n<head>\n<title>Read Text File</title>\n</head>\n<body  style=(!A???!???A!)background-color: #24222a;(!A???!???A!)>\n      <link rel=(!A???!???A!)stylesheet(!A???!???A!) href=(!A???!???A!)https://maxcdn.bootstrapcdn.com/bootstrap/4.0.0/css/bootstrap.min.css(!A???!???A!)\n    integrity=(!A???!???A!)sha384-Gn5384xqQ1aoWXA(!L???!???L!)058RXPxPg6fy4IWvTNh0E263XmFcJlSAwiGgFAW/dAiS6JXm(!A???!???A!) crossorigin=(!A???!???A!)anonymous(!A???!???A!)>\n  <script src=(!A???!???A!)https://code.jquery.com/jquery-3.2.1.slim.min.js(!A???!???A!)\n    integrity=(!A???!???A!)sha384-KJ3o2DKtIkvYIK3UENzmM7KCkRr/rE9/Qpg6aAZGJwFDMVNA/GpGFF93hXpG5KkN(!A???!???A!) crossorigin=(!A???!???A!)anonymous(!A???!???A!)></script>\n  <script src=(!A???!???A!)https://cdnjs.cloudflare.com/ajax/libs/popper.js/1.12.9/umd/popper.min.js(!A???!???A!)\n    integrity=(!A???!???A!)sha384-ApNbgh9B(!L???!???L!)Y1QKtv3Rn7W3mgPxhU9K/ScQsAP7hUibX39j7fakFPskvXusvfa0b4Q(!A???!???A!) crossorigin=(!A???!???A!)anonymous(!A???!???A!)></script>\n  <script src=(!A???!???A!)https://maxcdn.bootstrapcdn.com/bootstrap/4.0.0/js/bootstrap.min.js(!A???!???A!)\n    integrity=(!A???!???A!)sha384-JZR6Spejh4U02d8jOt6vLEHfe/JQGiRRSQQxSfFWpi1MquVdAyjUar5(!L???!???L!)76PVCmYl(!A???!???A!) crossorigin=(!A???!???A!)anonymous(!A???!???A!)></script>\n\n\n  </br></br>\n  <label for=(!A???!???A!)fname(!A???!???A!) class=(!A???!???A!)text-white(!A???!???A!)>Main Youtube Video</label>\n  <input type=(!A???!???A!)text(!A???!???A!) id=(!A???!???A!)vid1(!A???!???A!) name=(!A???!???A!)fname(!A???!???A!)></br></br>\n  <label for=(!A???!???A!)lname(!A???!???A!) class=(!A???!???A!)text-white(!A???!???A!)>Sinked</label>\n  <input type=(!A???!???A!)text(!A???!???A!) id=(!A???!???A!)vid2(!A???!???A!) name=(!A???!???A!)lname(!A???!???A!)><br><br>\n <button onclick=(!A???!???A!)myFunction()(!A???!???A!) type=(!A???!???A!)button(!A???!???A!)>Make</button> \n\n</body>\n\n<label for=(!A???!???A!)lname(!A???!???A!) class=(!A???!???A!)text-white(!A???!???A!)>\n<div id = (!A???!???A!)myurl(!A???!???A!) > </div>\n</label>\n</br></br>\n<label for=(!A???!???A!)lname(!A???!???A!) class=(!A???!???A!)text-white(!A???!???A!)>\n<div id = (!A???!???A!)aa(!A???!???A!) >^ </div>\n</label>\n</body>\n\n<script type=(!A???!???A!)text/javascript(!A???!???A!)>\n\nfunction myFunction () {\n  myurl = (!A???!???A!)(!P???!???P!)?action_type=makepage(!W???!???W!)usertemplate_name=youtube2(!W???!???W!)var1=(!A???!???A!)(!L???!???L!)document.getElementById((!A???!???A!)vid1(!A???!???A!)).value(!L???!???L!)(!A???!???A!),(!A???!???A!)(!L???!???L!)document.getElementById((!A???!???A!)vid2(!A???!???A!)).value;\n  document.getElementById((!A???!???A!)myurl(!A???!???A!)).innerHTML=myurl (!L???!???L!)(!A???!???A!)</br>(!A???!???A!);\n}\n\n</script>\n\n\n\n', '2021-11-02 01:26:42'),
('u1', 'u1_mygamestuxefikxzqgaiywchdh', '\n  \n  <link rel=(!A???!???A!)stylesheet(!A???!???A!) href=(!A???!???A!)https://maxcdn.bootstrapcdn.com/bootstrap/4.0.0/css/bootstrap.min.css(!A???!???A!)\n    integrity=(!A???!???A!)sha384-Gn5384xqQ1aoWXA(!L???!???L!)058RXPxPg6fy4IWvTNh0E263XmFcJlSAwiGgFAW/dAiS6JXm(!A???!???A!) crossorigin=(!A???!???A!)anonymous(!A???!???A!)>\n<body style=(!A???!???A!)background-color: #24222a;(!A???!???A!)>\n</br>\n</br>\n</br>\n<div id = (!A???!???A!)stuff(!A???!???A!) class=(!A???!???A!) d-flex justify-content-center(!A???!???A!)>\n<div id=(!A???!???A!)player(!A???!???A!)></div>\n</div>\n</br>\n</br>\n</br>\n<div id=(!A???!???A!)mainbody(!A???!???A!)></div>\n</br>\n</br>\n</br>\n</body>\n<script>\n var tag = document.createElement((!B???!???B!)script(!B???!???B!));\n tag.src = (!A???!???A!)https://www.youtube.com/iframe_api(!A???!???A!);\n var firstScriptTag = document.getElementsByTagName((!B???!???B!)script(!B???!???B!))[0];\n firstScriptTag.parentNode.insertBefore(tag, firstScriptTag);\n\n var player;\n\n window.onYouTubeIframeAPIReady = function() {\n    console.log((!A???!???A!)YouTube API Ready(!A???!???A!));\n    myvar = (!A???!???A!)M7lc1UVf-VE,https://www.ap.org/,https://www.ap.org/about/,https://www.ap.org/topics/,https://www.ap.org/topics/breaking-news,https://www.ap.org/topics/business-and-finance,https://www.ap.org/topics/entertainment,https://www.ap.org/topics/lifestyle/,https://www.ap.org/topics/religion-and-faith,https://www.ap.org/topics/politics/(!A???!???A!);\n    vals = myvar.split((!A???!???A!),(!A???!???A!));\n\n    player = new YT.Player((!B???!???B!)player(!B???!???B!), { \n        videoId: vals[0],\n        playerVars: {\n            controls: 1,\n            autoplay: 0,\n            disablekb: 1,\n            enablejsapi: 1,\n            iv_load_policy: 3,\n            // modestbranding: 1,\n            showinfo: 1\n        }\n    }); \n\n    ytLoaded = true;\n\n    if (windowWidth) { // if document loaded first\n        resizePlayer();\n    }\n };\n\n      function mytime(argument) {\n\n\n    if (ytLoaded==true) {\n      //alert((!A???!???A!)in here(!A???!???A!));\n          //console.log(player);\n          console.log(player.getCurrentTime());\n              myvar = (!A???!???A!)M7lc1UVf-VE,https://www.ap.org/,https://www.ap.org/about/,https://www.ap.org/topics/,https://www.ap.org/topics/breaking-news,https://www.ap.org/topics/business-and-finance,70,270,370,470(!A???!???A!);\n            vals = myvar.split((!A???!???A!),(!A???!???A!));\n          if (player.getCurrentTime()>=0 (!W???!???W!)(!W???!???W!) player.getCurrentTime()<=parseFloat(vals[6]) ){\n            console.log((!A???!???A!)in0(!A???!???A!))\n            if (place !=0){\n                place = 0;\n                load(0);\n            }\n          }else if (player.getCurrentTime()>=parseFloat(vals[6]) (!W???!???W!)(!W???!???W!) player.getCurrentTime()<=parseFloat(vals[7]) ){\n            console.log((!A???!???A!)in1(!A???!???A!))\n            if (place !=1){\n                place = 1;\n                load(1);\n            }\n          }else if (player.getCurrentTime()>=parseFloat(vals[7]) (!W???!???W!)(!W???!???W!) player.getCurrentTime()<=parseFloat(vals[8]) ){\n            console.log((!A???!???A!)in2(!A???!???A!))\n            if (place !=2){\n                place = 2;\n                load(2);\n            }\n          }else if (player.getCurrentTime()>=parseFloat(vals[8]) (!W???!???W!)(!W???!???W!) player.getCurrentTime()<=parseFloat(vals[9]) ){\n            console.log((!A???!???A!)in3(!A???!???A!))\n            if (place !=3){\n                place = 3;\n                load(3);\n            }\n          }else if (player.getCurrentTime()>=parseFloat(vals[9]) ){\n            console.log((!A???!???A!)in4(!A???!???A!))\n            if (place !=4){\n                place = 4;\n                load(4);\n            }\n          }\n      \n\n        }\n      }\n      setInterval(mytime, 1500);\n</script>\n\n\n\n\n<script type=(!A???!???A!)text/javascript(!A???!???A!)>\n\n\ncounter = 0;\nmaxium = 17;\nfunction load(number) {\n\n    myvar = (!A???!???A!)M7lc1UVf-VE,https://www.ap.org/,https://www.ap.org/about/,https://www.ap.org/topics/,https://www.ap.org/topics/breaking-news,https://www.ap.org/topics/business-and-finance,70(!A???!???A!);\n    vals = myvar.split((!A???!???A!),(!A???!???A!));\n    console.log(vals);\n  array4 = [\n  vals[1],\n  vals[2],\n\n  vals[3],\n  vals[4],\n  vals[5]\n  ]\n\n\n\n\nvalue =(!A???!???A!)<div class=(!D???!???D!)(!A???!???A!) d-flex justify-content-center(!D???!???D!)(!A???!???A!)> <iframe width=(!D???!???D!)(!A???!???A!)90%(!D???!???D!)(!A???!???A!) height=(!D???!???D!)(!A???!???A!)815(!D???!???D!)(!A???!???A!) src=(!D???!???D!)(!A???!???A!)(!A???!???A!)(!L???!???L!)array4[number](!L???!???L!)(!A???!???A!)(!D???!???D!)(!A???!???A!) title=(!D???!???D!)(!A???!???A!)YouTube video player(!D???!???D!)(!A???!???A!) frameborder=(!D???!???D!)(!A???!???A!)0(!D???!???D!)(!A???!???A!) allow=(!D???!???D!)(!A???!???A!)accelerometer; autoplay; clipboard-write; encrypted-media; gyroscope; picture-in-picture(!D???!???D!)(!A???!???A!) allowfullscreen></iframe></div>(!A???!???A!);\n  document.getElementById((!A???!???A!)mainbody(!A???!???A!)).innerHTML = value;\n}\n\nplace=0;\nload(0);\n</script>', '2021-11-02 19:34:31'),
('u1', 'Getback', '\n\n<!DOCTYPE html>\n<html>\n<head>\n  <meta charset=(!A???!???A!)UTF-8(!A???!???A!)>\n  <meta http-equiv=(!A???!???A!)X-UA-Compatible(!A???!???A!) content=(!A???!???A!)IE=edge(!A???!???A!)>\n  <meta name=(!A???!???A!)viewport(!A???!???A!) content=(!A???!???A!)width=device-width, initial-scale=1.0(!A???!???A!)>\n  <title>Make Traid</title>\n  <!-- bootstrap link start -->\n  <link rel=(!A???!???A!)stylesheet(!A???!???A!) href=(!A???!???A!)https://maxcdn.bootstrapcdn.com/bootstrap/4.0.0/css/bootstrap.min.css(!A???!???A!)\n    integrity=(!A???!???A!)sha384-Gn5384xqQ1aoWXA(!L???!???L!)058RXPxPg6fy4IWvTNh0E263XmFcJlSAwiGgFAW/dAiS6JXm(!A???!???A!) crossorigin=(!A???!???A!)anonymous(!A???!???A!)>\n  <script src=(!A???!???A!)https://code.jquery.com/jquery-3.2.1.slim.min.js(!A???!???A!)\n    integrity=(!A???!???A!)sha384-KJ3o2DKtIkvYIK3UENzmM7KCkRr/rE9/Qpg6aAZGJwFDMVNA/GpGFF93hXpG5KkN(!A???!???A!) crossorigin=(!A???!???A!)anonymous(!A???!???A!)></script>\n  <script src=(!A???!???A!)https://cdnjs.cloudflare.com/ajax/libs/popper.js/1.12.9/umd/popper.min.js(!A???!???A!)\n    integrity=(!A???!???A!)sha384-ApNbgh9B(!L???!???L!)Y1QKtv3Rn7W3mgPxhU9K/ScQsAP7hUibX39j7fakFPskvXusvfa0b4Q(!A???!???A!) crossorigin=(!A???!???A!)anonymous(!A???!???A!)></script>\n  <script src=(!A???!???A!)https://maxcdn.bootstrapcdn.com/bootstrap/4.0.0/js/bootstrap.min.js(!A???!???A!)\n    integrity=(!A???!???A!)sha384-JZR6Spejh4U02d8jOt6vLEHfe/JQGiRRSQQxSfFWpi1MquVdAyjUar5(!L???!???L!)76PVCmYl(!A???!???A!) crossorigin=(!A???!???A!)anonymous(!A???!???A!)></script>\n  <!-- bootstrap link end -->\n  <style>\n  .themainbutton{\n    min-width: 220px;\n  }\n  </style>\n</head>\n\n</br>\n</br>\n<body style=(!A???!???A!)background-color: #24222a;(!A???!???A!)>\n\n  <div class=(!A???!???A!)container (!A???!???A!)>\n    <div class=(!A???!???A!) d-flex justify-content-center(!A???!???A!)>\n      <div>\n\n          <div id = (!A???!???A!)stuff(!A???!???A!)> <label for=(!A???!???A!)uname(!A???!???A!) class=(!A???!???A!)text-white(!A???!???A!)>Make Traid</label></div>\n        </br>\n        <div class=(!A???!???A!)form-group(!A???!???A!)>\n          <label for=(!A???!???A!)uname(!A???!???A!) class=(!A???!???A!)text-white(!A???!???A!)>User Name</label>\n          <input type=(!A???!???A!)text(!A???!???A!) class=(!A???!???A!)form-control(!A???!???A!) id=(!A???!???A!)user(!A???!???A!) name=(!A???!???A!)user(!A???!???A!) placeholder=(!A???!???A!)User Name(!A???!???A!) value=(!A???!???A!)(!A???!???A!)>\n        </div>\n\n        <div class=(!A???!???A!)form-group(!A???!???A!)>\n          <label for=(!A???!???A!)uname(!A???!???A!) class=(!A???!???A!)text-white(!A???!???A!)>Password</label>\n          <input type=(!A???!???A!)text(!A???!???A!) class=(!A???!???A!)form-control(!A???!???A!) id=(!A???!???A!)password(!A???!???A!) name=(!A???!???A!)password(!A???!???A!) placeholder=(!A???!???A!)Passwords(!A???!???A!) value=(!A???!???A!)(!A???!???A!)>\n        </div>\n        <div class=(!A???!???A!)form-group(!A???!???A!)>\n          <label for=(!A???!???A!)uname(!A???!???A!) class=(!A???!???A!)text-white(!A???!???A!)>path</label>\n          <input type=(!A???!???A!)text(!A???!???A!) class=(!A???!???A!)form-control(!A???!???A!) id=(!A???!???A!)path(!A???!???A!) name=(!A???!???A!)path(!A???!???A!) placeholder=(!A???!???A!)Passwords(!A???!???A!) value=(!A???!???A!)(!A???!???A!)>\n        </div>\n\n\n\n\n        <button class=(!A???!???A!)btn btn-primary(!A???!???A!) onclick=(!A???!???A!)add_user()(!A???!???A!)>Make Traid</button>\n\n      </div>\n\n\n      </div>\n\n  </div>\n</body>\n</html>\n\n<script type=(!A???!???A!)text/javascript(!A???!???A!)>\n\n\nfunction add_user(){\n\n\n\n//http://localhost:8001/doit?user=myuser3(!W???!???W!)password=pass(!W???!???W!)traid_id=bvmrphmjgflutxuqidazavnulqiwkoopgctzotsqvvnmehvanvjeywfmwzkxmrun(!W???!???W!)action_type=fintraid\n\n//http://localhost:8001/doit?user=myuser3(!W???!???W!)password=pass(!W???!???W!)crypto_name=(!W???!???W!)crypto_path=http%3A%2F%2Falexhaussmann.com%2Fadhaussmann%2Fa_final%2Fptest_led(!W???!???W!)crypto_key=(!W???!???W!)L_name=(!W???!???W!)action_type=get_C\nmyval=(!A???!???A!)user=(!A???!???A!)(!L???!???L!)document.getElementById((!A???!???A!)user(!A???!???A!)).value(!L???!???L!)(!A???!???A!)(!W???!???W!)action_type=get_C(!W???!???W!)password=(!A???!???A!)(!L???!???L!)document.getElementById((!A???!???A!)password(!A???!???A!)).value(!L???!???L!)(!A???!???A!)(!W???!???W!)crypto_path=(!A???!???A!)(!L???!???L!)document.getElementById((!A???!???A!)path(!A???!???A!)).value;\n\nalert(myval);\nsend_Url=(!A???!???A!)(!P???!???P!)?(!A???!???A!)(!L???!???L!)myval\n\npost_responce(send_Url,send_alert,(!A???!???A!)varible(!A???!???A!));\n\n}\n\nfunction send_alert(A,B){\n  myvalue=JSON.parse(A);\n  console.log(myvalue);\n\n  document.getElementById((!A???!???A!)stuff(!A???!???A!)).innerHTML= (!A???!???A!)<label for=(!D???!???D!)(!A???!???A!)uname(!D???!???D!)(!A???!???A!) class=(!D???!???D!)(!A???!???A!)text-white(!D???!???D!)(!A???!???A!)>(!A???!???A!)(!L???!???L!)A(!L???!???L!)(!A???!???A!)</label></div>(!A???!???A!);\n}\n\nfunction post_responce(path,func,varible){\n\n  console.log(path);\n  fetch(path).then(\n      ( response) => {\n          return response.text();\n      })\n      .then((html) => {\n          func(  html.trim()  , varible )\n      });\n}\n</script>\n\n\n\n', '2022-03-13 21:49:01');

-- --------------------------------------------------------

--
-- Table structure for table `traidtable`
--

CREATE TABLE `traidtable` (
  `traid_id` text NOT NULL,
  `traid_mony_type` text NOT NULL,
  `traid_request_type` text NOT NULL,
  `traid_request_amount` float NOT NULL,
  `traid_money_amount` float NOT NULL,
  `user` text NOT NULL,
  `buyer` text NOT NULL
) ENGINE=InnoDB DEFAULT CHARSET=utf8mb4 COLLATE=utf8mb4_0900_ai_ci;

--
-- Dumping data for table `traidtable`
--

INSERT INTO `traidtable` (`traid_id`, `traid_mony_type`, `traid_request_type`, `traid_request_amount`, `traid_money_amount`, `user`, `buyer`) VALUES
('cbqllutredixoigejheyrgpbhtotkqxpjzephjyjqnrpbtkucsnwumiyzvudrong', 'money2', 'http://localhost:8000/doit?u2_led', 1, 1, 'T2', 'NULL'),
('krwcqhxqsfacujvtgzophyxcrpnszahsjqzqpesajurnnxzozetfopllmigojlno', 'money2', 'money1', 1, 1, 'u2', 'T1'),
('leuaevzebombakqmjestlvdlwuhlqgaqwaytmdqlerlrpsooheafotrkujhxreqq', 'money2', 'http://localhost:8000/doit?u2_led', 1, 1, 'T2', 'T1');

-- --------------------------------------------------------

--
-- Table structure for table `users`
--

CREATE TABLE `users` (
  `time` timestamp NOT NULL,
  `hashword` text NOT NULL,
  `uname` text NOT NULL,
  `email` text NOT NULL
) ENGINE=MyISAM DEFAULT CHARSET=utf8mb4 COLLATE=utf8mb4_0900_ai_ci;

--
-- Dumping data for table `users`
--

INSERT INTO `users` (`time`, `hashword`, `uname`, `email`) VALUES
('2021-10-28 02:36:44', 'top', 'u1', ''),
('2022-03-13 17:49:47', 'p1', 'u2', 'alex.haussmann@gmail.com'),
('2022-03-13 18:56:26', 'p1', 'T1', 'alex.haussmann@gmail.com'),
('2022-03-13 18:56:30', 'p1', 'T2', 'alex.haussmann@gmail.com');

--
-- Indexes for dumped tables
--

--
-- Indexes for table `Acounts`
--
ALTER TABLE `Acounts`
  ADD PRIMARY KEY (`Ledgurename`(248));

--
-- Indexes for table `crypto3`
--
ALTER TABLE `crypto3`
  ADD PRIMARY KEY (`id_section`(248));

--
-- Indexes for table `c_key`
--
ALTER TABLE `c_key`
  ADD PRIMARY KEY (`entery_name`(248));

--
-- Indexes for table `items`
--
ALTER TABLE `items`
  ADD PRIMARY KEY (`itemname`(128));

--
-- Indexes for table `money`
--
ALTER TABLE `money`
  ADD PRIMARY KEY (`user_money`(248));

--
-- Indexes for table `posts`
--
ALTER TABLE `posts`
  ADD UNIQUE KEY `postkey` (`postkey`(128));

--
-- Indexes for table `redirect`
--
ALTER TABLE `redirect`
  ADD PRIMARY KEY (`id`(248));

--
-- Indexes for table `template`
--
ALTER TABLE `template`
  ADD UNIQUE KEY `usertemplate_name` (`usertemplate_name`(128));

--
-- Indexes for table `traidtable`
--
ALTER TABLE `traidtable`
  ADD PRIMARY KEY (`traid_id`(248));

--
-- Indexes for table `users`
--
ALTER TABLE `users`
  ADD UNIQUE KEY `uname` (`uname`(128));
COMMIT;

/*!40101 SET CHARACTER_SET_CLIENT=@OLD_CHARACTER_SET_CLIENT */;
/*!40101 SET CHARACTER_SET_RESULTS=@OLD_CHARACTER_SET_RESULTS */;
/*!40101 SET COLLATION_CONNECTION=@OLD_COLLATION_CONNECTION */;
